,Country,Happiness Rank_2015,Happiness Score_2015,Economy (GDP per Capita)_2015,Social Support_2015,Health Life Expectancy_2015,Freedom_2015,Generosity_2015,Trust (Government Corruption)_2015,Happiness Rank_2016,Happiness Score_2016,Economy (GDP per Capita)_2016,Social Support_2016,Health Life Expectancy_2016,Freedom_2016,Trust (Government Corruption)_2016,Generosity_2016,Happiness Rank_2017,Happiness Score_2017,Economy (GDP per Capita)_2017,Social Support_2017,Health Life Expectancy_2017,Freedom_2017,Trust (Government Corruption)_2017,Generosity_2017,Happiness Rank_2018,Happiness Score_2018,Economy (GDP per Capita)_2018,Social Support_2018,Health Life Expectancy_2018,Freedom_2018,Generosity_2018,Trust (Government Corruption)_2018,Happiness Rank_2019,Happiness Score_2019,Economy (GDP per Capita)_2019,Social Support_2019,Health Life Expectancy_2019,Freedom_2019,Trust (Government Corruption)_2019,Generosity_2019,Happiness Rank_2020,Happiness Score_2020,Economy (GDP per Capita)_2020,Social Support_2020,Health Life Expectancy_2020,Freedom_2020,Trust (Government Corruption)_2020,Generosity_2020
0,Switzerland,1.0,7.5870000000000015,1.39651,1.34951,0.94143,0.66557,0.29678000000000004,0.41978,2.0,7.5089999999999995,1.5273299999999999,1.14524,0.86303,0.58557,0.41203,0.28083,4.0,7.49399995803833,1.5649795532226598,1.51691174507141,0.858131289482117,0.620070576667786,0.3670072853565221,0.29054927825927696,5.0,7.487,1.42,1.5490000000000002,0.927,0.66,0.256,0.35700000000000004,6.0,7.48,1.452,1.526,1.052,0.5720000000000001,0.34299999999999997,0.263,,,10.97993279,0.942846596,74.10244751,0.921336651,0.303728431,0.105911039
1,Iceland,2.0,7.561,1.30232,1.40223,0.94784,0.6287699999999999,0.4363,0.14145,3.0,7.501,1.42666,1.18326,0.8673299999999999,0.56624,0.14975,0.47678000000000004,3.0,7.50400018692017,1.480633020401,1.6105740070343,0.8335521221160892,0.6271626353263849,0.15352655947208402,0.475540220737457,4.0,7.495,1.3430000000000002,1.6440000000000001,0.914,0.677,0.353,0.138,4.0,7.494,1.38,1.624,1.026,0.591,0.11800000000000001,0.354,,,10.77255917,0.9746695759999999,73.0,0.948891878,0.7117097379999999,0.246944219
2,Denmark,3.0,7.527,1.32548,1.36058,0.87464,0.6493800000000001,0.34139,0.48357,1.0,7.526,1.4417799999999998,1.16374,0.79504,0.5794100000000001,0.44453000000000004,0.36171,2.0,7.52199983596802,1.48238301277161,1.55112159252167,0.7925655245780941,0.626006722450256,0.40077006816864,0.3552804887294771,3.0,7.555,1.351,1.59,0.868,0.6829999999999999,0.284,0.408,2.0,7.6,1.383,1.5730000000000002,0.996,0.5920000000000001,0.41,0.252,,,10.77400112,0.955990791,72.40250397,0.9514442679999999,0.168489456,0.06620177599999999
3,Norway,4.0,7.522,1.459,1.33095,0.88521,0.66973,0.34699,0.36503,4.0,7.497999999999999,1.57744,1.1269,0.79579,0.59609,0.35775999999999997,0.37895,1.0,7.537000179290769,1.61646318435669,1.53352355957031,0.796666502952576,0.635422587394714,0.31596383452415505,0.36201223731041,2.0,7.593999999999999,1.456,1.5819999999999999,0.861,0.6859999999999999,0.28600000000000003,0.34,3.0,7.553999999999999,1.4880000000000002,1.5819999999999999,1.028,0.603,0.341,0.271,,,11.08780384,0.952486575,73.20078278,0.955750287,0.26321819399999996,0.13453263
4,Canada,5.0,7.427,1.32629,1.32261,0.90563,0.63297,0.45811,0.32957,6.0,7.404,1.44015,1.0961,0.8276,0.5737,0.31329,0.44833999999999996,7.0,7.31599998474121,1.47920441627502,1.48134899139404,0.83455765247345,0.611100912094116,0.287371516227722,0.435539722442627,7.0,7.327999999999999,1.33,1.5319999999999998,0.8959999999999999,0.653,0.321,0.29100000000000004,9.0,7.278,1.365,1.505,1.0390000000000001,0.584,0.308,0.285,,,10.69236851,0.927176654,73.60160065,0.9339132309999999,0.390843362,0.124770768
5,Finland,6.0,7.4060000000000015,1.29025,1.31826,0.8891100000000001,0.64169,0.23351,0.41372,5.0,7.412999999999999,1.40598,1.1346399999999999,0.81091,0.57104,0.41003999999999996,0.25492,5.0,7.468999862670901,1.44357192516327,1.5402467250824,0.80915766954422,0.6179508566856379,0.38261154294014,0.24548277258873,1.0,7.632000000000001,1.305,1.5919999999999999,0.8740000000000001,0.6809999999999999,0.20199999999999999,0.39299999999999996,1.0,7.769,1.34,1.587,0.986,0.596,0.39299999999999996,0.153,,,10.63926697,0.954329729,71.9008255,0.949172199,0.19544458399999998,-0.059482019000000004
6,Netherlands,7.0,7.377999999999999,1.32944,1.28017,0.89284,0.6157600000000001,0.4761,0.31814000000000003,7.0,7.3389999999999995,1.46468,1.02912,0.8123100000000001,0.55211,0.29927,0.47416,6.0,7.3769998550415,1.50394463539124,1.42893922328949,0.8106961250305179,0.5853844881057739,0.282661825418472,0.470489829778671,6.0,7.441,1.361,1.4880000000000002,0.878,0.638,0.33299999999999996,0.295,5.0,7.4879999999999995,1.396,1.5219999999999998,0.9990000000000001,0.557,0.298,0.322,,,10.81271172,0.93913883,72.30091858,0.908547819,0.364717126,0.20761244
7,Sweden,8.0,7.364,1.33171,1.2890700000000002,0.91087,0.6598,0.36262,0.43844,10.0,7.291,1.45181,1.08764,0.83121,0.58218,0.40867,0.38254,9.0,7.28399991989136,1.49438726902008,1.47816216945648,0.830875158309937,0.612924098968506,0.384398728609085,0.38539925217628496,9.0,7.314,1.355,1.501,0.9129999999999999,0.659,0.285,0.38299999999999995,7.0,7.343,1.3869999999999998,1.4869999999999999,1.0090000000000001,0.574,0.373,0.267,,,10.75879383,0.926311195,72.60076904,0.939144194,0.250880182,0.111614622
8,New Zealand,9.0,7.286,1.2501799999999998,1.31967,0.90837,0.6393800000000001,0.47501,0.42922,8.0,7.334,1.36066,1.17278,0.83096,0.5814699999999999,0.41903999999999997,0.49401000000000006,8.0,7.31400012969971,1.40570604801178,1.54819512367249,0.816759705543518,0.6140621304512021,0.38281670212745705,0.500005125999451,8.0,7.324,1.268,1.601,0.8759999999999999,0.669,0.365,0.389,8.0,7.307,1.3030000000000002,1.557,1.026,0.585,0.38,0.33,,,10.50094318,0.9491189720000001,73.20262909,0.9362174870000001,0.22113885,0.191598073
9,Australia,10.0,7.284,1.33358,1.30923,0.93156,0.6512399999999999,0.43562,0.35637,9.0,7.313,1.4444299999999999,1.10476,0.8512,0.5683699999999999,0.32331,0.47407,10.0,7.28399991989136,1.4844149351120002,1.5100419521331798,0.84388679265976,0.601607382297516,0.301183730363846,0.477699249982834,10.0,7.272,1.34,1.5730000000000002,0.91,0.647,0.361,0.302,11.0,7.228,1.3719999999999999,1.548,1.036,0.557,0.29,0.332,,,10.72059631,0.9448546170000001,73.60453796,0.915431738,0.41516912,0.19046016
10,Israel,11.0,7.278,1.2285700000000002,1.22393,0.91387,0.41319,0.33172,0.07785,11.0,7.267,1.33766,0.9953700000000001,0.8491700000000001,0.36432,0.08728,0.32288,11.0,7.212999820709231,1.3753824234008798,1.37628996372223,0.83840399980545,0.405988603830338,0.0852421000599861,0.330082654953003,19.0,6.814,1.301,1.5590000000000002,0.883,0.5329999999999999,0.354,0.272,13.0,7.138999999999999,1.276,1.455,1.0290000000000001,0.371,0.08199999999999999,0.261,,,10.41752529,0.913571239,73.20025635,0.7475805879999999,0.78085506,0.10259372
11,Costa Rica,12.0,7.226,0.95578,1.23788,0.8602700000000001,0.63376,0.25497,0.10583,14.0,7.087000000000001,1.06879,1.02152,0.76146,0.55225,0.10547000000000001,0.22553,12.0,7.0789999961853,1.10970628261566,1.4164036512374898,0.7595092654228209,0.580131649971008,0.100106589496136,0.21461322903633104,13.0,7.072,1.01,1.459,0.8170000000000001,0.632,0.14300000000000002,0.10099999999999999,12.0,7.167000000000001,1.034,1.4409999999999998,0.963,0.5579999999999999,0.09300000000000001,0.14400000000000002,,,9.658156395,0.901545942,71.29985046,0.9347389340000001,0.7863324279999999,-0.10242971
12,Austria,13.0,7.2,1.33723,1.29704,0.8904200000000001,0.62433,0.33088,0.18676,12.0,7.119,1.45038,1.0838299999999998,0.80565,0.54355,0.21348000000000003,0.32865,13.0,7.00600004196167,1.48709726333618,1.4599449634552,0.8153284192085269,0.567766189575195,0.22106036543846105,0.316472321748734,12.0,7.138999999999999,1.341,1.504,0.8909999999999999,0.617,0.242,0.22399999999999998,10.0,7.246,1.376,1.475,1.016,0.532,0.226,0.244,,,10.7428236,0.9280458690000001,73.00250244,0.899989486,0.49995487899999996,0.085429221
13,Mexico,14.0,7.187,1.02054,0.91451,0.8144399999999999,0.48181,0.14074,0.21312,21.0,6.778,1.1150799999999998,0.7146,0.71143,0.37709000000000004,0.18355,0.11735,25.0,6.57800006866455,1.15318381786346,1.210862159729,0.709978997707367,0.412730008363724,0.132774114608765,0.120990432798862,24.0,6.4879999999999995,1.038,1.252,0.7609999999999999,0.479,0.069,0.095,23.0,6.595,1.07,1.3230000000000002,0.861,0.433,0.073,0.07400000000000001,,,9.797797203,0.8386654259999999,68.29902649,0.8587092759999999,0.806821585,-0.175266623
14,United States,15.0,7.119,1.39451,1.24711,0.86179,0.54604,0.40105,0.1589,13.0,7.104,1.50796,1.04782,0.779,0.48163,0.14868,0.41076999999999997,14.0,6.993000030517581,1.54625928401947,1.4199205636978105,0.7742866277694699,0.505740523338318,0.135638788342476,0.392578780651093,18.0,6.886,1.3980000000000001,1.4709999999999999,0.8190000000000001,0.547,0.29100000000000004,0.133,19.0,6.892,1.433,1.4569999999999999,0.8740000000000001,0.45399999999999996,0.128,0.28,,,10.92576885,0.914219022,68.29949951,0.842619538,0.6997153159999999,0.149891734
15,Brazil,16.0,6.983,0.98124,1.23287,0.69702,0.49049,0.14574,0.17521,17.0,6.952000000000001,1.08754,1.03938,0.61415,0.40425,0.14165999999999998,0.15775999999999998,22.0,6.63500022888184,1.10735321044922,1.43130600452423,0.6165523529052729,0.437453746795654,0.111092761158943,0.16234989464282998,28.0,6.419,0.986,1.474,0.675,0.493,0.11,0.08800000000000001,32.0,6.3,1.004,1.439,0.802,0.39,0.086,0.099,,,9.56643486,0.896723807,66.48016357,0.799804807,0.7706012729999999,-0.10181239199999999
16,Luxembourg,17.0,6.9460000000000015,1.56391,1.21963,0.91894,0.61583,0.28034000000000003,0.37798,20.0,6.871,1.6975200000000001,1.03999,0.8454200000000001,0.5487,0.35329,0.27571,18.0,6.86299991607666,1.74194359779358,1.45758366584778,0.845089495182037,0.59662789106369,0.31883442401886,0.283180981874466,17.0,6.91,1.5759999999999998,1.52,0.8959999999999999,0.632,0.196,0.321,14.0,7.09,1.609,1.479,1.012,0.526,0.316,0.19399999999999998,,,11.45068073,0.9069122079999999,72.59999847,0.90563643,0.367084295,-0.004620588
17,Ireland,18.0,6.94,1.33596,1.36948,0.89533,0.6177699999999999,0.45901,0.28703,19.0,6.907,1.4834100000000001,1.16157,0.81455,0.54008,0.29754,0.44963000000000003,15.0,6.977000236511231,1.5357066392898602,1.55823111534119,0.8097826242446899,0.5731103420257571,0.2983881533145901,0.42785832285881,14.0,6.977,1.4480000000000002,1.5830000000000002,0.8759999999999999,0.614,0.307,0.306,16.0,7.021,1.499,1.5530000000000002,0.9990000000000001,0.516,0.31,0.298,,,11.16097832,0.9420815709999999,72.30078888,0.8869829770000001,0.357184172,0.145784974
18,Belgium,19.0,6.937,1.30782,1.28566,0.8966700000000001,0.5845,0.2225,0.2254,18.0,6.928999999999999,1.42539,1.05249,0.8195899999999999,0.51354,0.26248,0.2424,17.0,6.89099979400635,1.46378076076508,1.4623126983642598,0.8180918693542479,0.5397707223892211,0.251343131065369,0.23150333762168895,16.0,6.9270000000000005,1.324,1.483,0.894,0.583,0.188,0.24,18.0,6.922999999999999,1.3559999999999999,1.504,0.986,0.473,0.21,0.16,,,10.673639300000001,0.911632538,72.00164795,0.813582063,0.612297952,-0.078691199
19,United Arab Emirates,20.0,6.901,1.42727,1.12575,0.80925,0.64157,0.26428,0.38583,28.0,6.5729999999999995,1.57352,0.8711399999999999,0.72993,0.56215,0.35561,0.26591,21.0,6.6479997634887695,1.6263433694839498,1.26641023159027,0.726798236370087,0.60834527015686,0.324489563703537,0.3609419465065,20.0,6.774,2.096,0.7759999999999999,0.67,0.284,0.18600000000000003,,21.0,6.825,1.5030000000000001,1.31,0.825,0.598,0.182,0.262,,,11.1099987,0.8491811159999999,67.08278656,0.941345513,0.594502211,0.123450845
20,United Kingdom,21.0,6.867000000000001,1.26637,1.28548,0.90943,0.59625,0.51912,0.32067,23.0,6.725,1.40283,1.0867200000000001,0.80991,0.50036,0.27399,0.50156,19.0,6.71400022506714,1.44163393974304,1.4964600801467902,0.805335938930511,0.508190035820007,0.265428066253662,0.492774158716202,11.0,7.19,1.244,1.433,0.888,0.46399999999999997,0.262,0.08199999999999999,15.0,7.053999999999999,1.3330000000000002,1.538,0.996,0.45,0.278,0.348,,,10.60013485,0.93668282,72.30160522,0.834743679,0.43591591700000004,0.263732493
21,Oman,22.0,6.853,1.36011,1.08182,0.76276,0.63274,0.21542,0.32524000000000003,,,,,,,,,,,,,,,,,,,,,,,,,,,,,,,,,,,,,,,,
22,Venezuela,23.0,6.81,1.04424,1.25596,0.7205199999999999,0.42908,0.05841,0.11069,44.0,6.084,1.1336700000000002,1.03302,0.6190399999999999,0.19847,0.08304,0.0425,82.0,5.25,1.12843120098114,1.43133759498596,0.617144227027893,0.15399712324142498,0.0644911229610443,0.0650196298956871,102.0,4.806,0.996,1.469,0.657,0.133,0.055999999999999994,0.052000000000000005,108.0,4.707,0.96,1.4269999999999998,0.805,0.154,0.047,0.064,,,8.977793693999999,0.890408158,66.50534058,0.62327832,0.837038398,-0.16909050899999997
23,Singapore,24.0,6.797999999999999,1.52186,1.02,1.02525,0.54252,0.31105,0.4921,22.0,6.739,1.64555,0.8675799999999999,0.94719,0.4877,0.46986999999999995,0.32706,26.0,6.57200002670288,1.69227766990662,1.35381436347961,0.9494923949241642,0.549840569496155,0.46430778503418,0.345965981483459,34.0,6.343,1.5290000000000001,1.4509999999999998,1.008,0.631,0.261,0.457,34.0,6.2620000000000005,1.5719999999999998,1.463,1.141,0.556,0.45299999999999996,0.271,,,11.39552116,0.9102689620000001,76.80458069,0.926645339,0.109784193,0.029879224
24,Panama,25.0,6.7860000000000005,1.06353,1.1985,0.79661,0.5421,0.24434,0.0927,25.0,6.7010000000000005,1.18306,0.9891200000000001,0.70835,0.48927,0.08423,0.2418,30.0,6.4520001411438,1.23374843597412,1.3731925487518302,0.706156134605408,0.550026834011078,0.070983923971653,0.21055693924427,27.0,6.43,1.112,1.4380000000000002,0.759,0.597,0.125,0.063,31.0,6.321000000000001,1.149,1.442,0.91,0.516,0.054000000000000006,0.109,,,10.03423405,0.902094483,69.60301208,0.880366504,0.851588905,-0.153927714
25,Germany,26.0,6.75,1.32792,1.29937,0.89186,0.6147699999999999,0.28214,0.21843,16.0,6.994,1.44787,1.09774,0.81487,0.53466,0.28551,0.30451999999999996,16.0,6.9510002136230495,1.48792338371277,1.47252035140991,0.798950731754303,0.562511384487152,0.276731938123703,0.33626917004585305,15.0,6.965,1.34,1.474,0.861,0.586,0.273,0.28,17.0,6.985,1.3730000000000002,1.454,0.987,0.495,0.265,0.261,,,10.7328186,0.898874462,72.20201874,0.867371082,0.456422031,0.08017938599999999
26,Chile,27.0,6.67,1.10715,1.12447,0.85857,0.44132,0.33363000000000004,0.12869,24.0,6.705,1.2167,0.9058700000000001,0.8188300000000001,0.37789,0.11450999999999999,0.31595,20.0,6.65199995040894,1.25278460979462,1.28402495384216,0.8194797039031979,0.376895278692245,0.0822879821062088,0.3266624212265011,25.0,6.476,1.131,1.331,0.8079999999999999,0.431,0.19699999999999998,0.061,26.0,6.444,1.159,1.369,0.92,0.35700000000000004,0.055999999999999994,0.187,,,10.0320549,0.879713595,69.90061951,0.7448962929999999,0.838239431,-0.065668367
27,Qatar,28.0,6.6110000000000015,1.69042,1.0786,0.79733,0.6404,0.32573,0.52208,36.0,6.375,1.82427,0.87964,0.71723,0.56679,0.48049,0.32388,35.0,6.375,1.87076568603516,1.27429687976837,0.7100980877876278,0.604130983352661,0.4392992556095121,0.33047387003898604,32.0,6.374,1.649,1.3030000000000002,0.748,0.654,0.256,0.171,29.0,6.374,1.6840000000000002,1.3130000000000002,0.871,0.555,0.16699999999999998,0.22,,,,,,,,
28,France,29.0,6.575,1.27778,1.2603799999999998,0.94579,0.55011,0.12332,0.20646,32.0,6.478,1.39488,1.00508,0.83795,0.46562,0.17808,0.1216,31.0,6.44199991226196,1.43092346191406,1.38777685165405,0.8444658517837521,0.470222115516663,0.172502428293228,0.129762306809425,23.0,6.489,1.2930000000000001,1.466,0.9079999999999999,0.52,0.098,0.17600000000000002,24.0,6.5920000000000005,1.324,1.472,1.045,0.436,0.183,0.111,,,10.58422279,0.937103748,73.80193329,0.8254676459999999,0.583521128,-0.130641967
29,Argentina,30.0,6.574,1.05351,1.24823,0.78723,0.44974,0.11451,0.08484,26.0,6.65,1.15137,1.0661200000000002,0.69711,0.42283999999999994,0.07296,0.10989000000000002,24.0,6.59899997711182,1.18529546260834,1.44045114517212,0.695137083530426,0.4945192039012911,0.059739887714385986,0.109457060694695,29.0,6.388,1.073,1.4680000000000002,0.7440000000000001,0.57,0.062,0.054000000000000006,47.0,6.086,1.092,1.432,0.8809999999999999,0.47100000000000003,0.05,0.066,,,9.810955048,0.900567949,68.80380249,0.831132412,0.8420098420000001,-0.194913864
30,Czech Republic,31.0,6.505,1.17898,1.20643,0.84483,0.46364,0.10686,0.02652,27.0,6.596,1.30915,1.00793,0.76376,0.41418,0.03986,0.09929,23.0,6.60900020599365,1.35268235206604,1.43388521671295,0.754444003105164,0.490946173667908,0.0368729270994663,0.0881067588925362,21.0,6.711,1.2329999999999999,1.489,0.8540000000000001,0.5429999999999999,0.064,0.034,20.0,6.852,1.2690000000000001,1.4869999999999999,0.92,0.457,0.036000000000000004,0.046,,,10.40416336,0.914430678,70.04793549,0.818537354,0.85844624,-0.230861515
31,Uruguay,32.0,6.485,1.06166,1.2089,0.8116,0.6036199999999999,0.2324,0.24558,29.0,6.545,1.18157,1.0314299999999998,0.72183,0.54388,0.21394000000000002,0.18056,28.0,6.4539999961853,1.21755969524384,1.41222786903381,0.719216823577881,0.5793922543525699,0.17806187272071802,0.175096929073334,31.0,6.379,1.093,1.459,0.7709999999999999,0.625,0.13,0.155,33.0,6.292999999999999,1.124,1.465,0.8909999999999999,0.523,0.15,0.127,,,9.948192596,0.92281127,69.00254822,0.892395437,0.635994136,-0.101103112
32,Colombia,33.0,6.477,0.91861,1.2401799999999998,0.69077,0.53466,0.18401,0.0512,31.0,6.481,1.0303200000000001,1.02169,0.59659,0.44735,0.053989999999999996,0.15625999999999998,36.0,6.35699987411499,1.07062232494354,1.4021829366683998,0.595027923583984,0.477487415075302,0.0466687418520451,0.14901447296142598,37.0,6.26,0.96,1.439,0.635,0.531,0.099,0.039,43.0,6.125,0.985,1.41,0.841,0.47,0.034,0.099,,,9.500369072,0.884440243,67.69958496,0.8361799120000001,0.86457181,-0.161235645
33,Thailand,34.0,6.455,0.9669,1.26504,0.7385,0.5566399999999999,0.5763,0.03187,33.0,6.474,1.0893,1.04477,0.64915,0.49553,0.02833,0.58696,32.0,6.423999786376951,1.12786877155304,1.4257924556732198,0.647239029407501,0.580200731754303,0.0316127352416515,0.572123110294342,46.0,6.072,1.016,1.4169999999999998,0.7070000000000001,0.637,0.364,0.028999999999999998,52.0,6.007999999999999,1.05,1.409,0.828,0.557,0.027999999999999997,0.359,,,9.741791725,0.8899732229999999,67.25059509,0.905063033,0.8862723109999999,0.268685192
34,Saudi Arabia,35.0,6.4110000000000005,1.39541,1.0839299999999998,0.72025,0.31048000000000003,0.13706,0.32524000000000003,34.0,6.379,1.48953,0.84829,0.59267,0.37904,0.30008,0.15457,37.0,6.343999862670901,1.53062355518341,1.28667759895325,0.590148329734802,0.449750572443008,0.27343225479126004,0.147616013884544,33.0,6.371,1.379,1.331,0.633,0.509,0.098,0.127,28.0,6.375,1.403,1.357,0.795,0.439,0.132,0.08,,,10.79781246,0.874067068,66.30514526,0.854191244,0.682619512,-0.16869506199999998
35,Spain,36.0,6.329,1.23011,1.31379,0.95562,0.45951,0.18227,0.06398,37.0,6.361000000000001,1.34253,1.12945,0.8789600000000001,0.37545,0.06137000000000001,0.17665,34.0,6.40299987792969,1.38439786434174,1.53209090232849,0.888960599899292,0.408781230449677,0.0709140971302986,0.190133571624756,36.0,6.31,1.251,1.538,0.965,0.449,0.142,0.07400000000000001,30.0,6.354,1.286,1.484,1.062,0.36200000000000004,0.079,0.153,,,10.46292686,0.921125412,74.40270996,0.751989543,0.765859902,-0.050961714000000005
36,Malta,37.0,6.3020000000000005,1.2074,1.30203,0.88721,0.60365,0.51752,0.13585999999999998,30.0,6.4879999999999995,1.30782,1.09879,0.80315,0.54994,0.17554,0.56237,27.0,6.52699995040894,1.34327983856201,1.48841166496277,0.821944236755371,0.588767051696777,0.153066068887711,0.5747305750846861,22.0,6.627000000000001,1.27,1.525,0.884,0.645,0.376,0.142,22.0,6.726,1.3,1.52,0.9990000000000001,0.564,0.151,0.375,,,10.53383827,0.93037951,72.19999695,0.9249114390000001,0.658547282,0.214965805
37,Taiwan,38.0,6.297999999999999,1.29098,1.07617,0.8753,0.3974,0.25376,0.08129,34.0,6.379,1.39729,0.92624,0.79565,0.32377,0.0663,0.25495,,,,,,,,,26.0,6.441,1.365,1.436,0.857,0.418,0.151,0.078,25.0,6.446000000000001,1.368,1.43,0.914,0.35100000000000003,0.09699999999999999,0.242,,,,,,,,
38,Kuwait,39.0,6.295,1.5542200000000002,1.16594,0.72492,0.55499,0.16228,0.25609,41.0,6.239,1.61714,0.8775799999999999,0.63569,0.43166000000000004,0.23669,0.15965,39.0,6.10500001907349,1.63295245170593,1.25969874858856,0.6321057081222529,0.496337592601776,0.21515955030918105,0.228289797902107,45.0,6.082999999999999,1.474,1.301,0.675,0.5539999999999999,0.16699999999999998,0.106,51.0,6.021,1.5,1.319,0.8079999999999999,0.493,0.09699999999999999,0.142,,,11.08982468,0.8464752440000001,66.76764679,0.8723664879999999,0.7608490590000001,-0.100184701
39,Suriname,40.0,6.269,0.99534,0.972,0.6082,0.5965699999999999,0.16990999999999998,0.13633,40.0,6.269,1.09686,0.77866,0.5093300000000001,0.5223399999999999,0.12692,0.16665,,,,,,,,,,,,,,,,,,,,,,,,,,,,,,,,
40,Trinidad and Tobago,41.0,6.167999999999998,1.21183,1.18354,0.61483,0.55884,0.31844,0.0114,43.0,6.167999999999999,1.32572,0.98569,0.52608,0.48453,0.01241,0.31935,38.0,6.1680002212524405,1.36135590076447,1.3802285194397,0.5199832916259771,0.518630743026733,0.00896481610834599,0.32529646158218395,,,,,,,,,,,,,,,,,,,10.26000214,0.91529417,63.5,0.8579071159999999,0.9122306109999999,0.000526841
41,El Salvador,42.0,6.13,0.76454,1.02507,0.67737,0.4035,0.10692,0.11776,46.0,6.068,0.8737,0.80975,0.596,0.37269,0.10613,0.08877,45.0,6.0029997825622585,0.909784495830536,1.1821250915527302,0.596018552780151,0.432452529668808,0.0899809598922729,0.0782579854130745,40.0,6.167000000000001,0.8059999999999999,1.2309999999999999,0.639,0.461,0.065,0.08199999999999999,35.0,6.252999999999999,0.794,1.242,0.789,0.43,0.07400000000000001,0.09300000000000001,,,8.909075737,0.8060922620000001,66.10826111,0.833805263,0.754319906,-0.12107297800000001
42,Guatemala,43.0,6.122999999999998,0.74553,1.04356,0.64425,0.57733,0.27489,0.09472,39.0,6.324,0.83454,0.8711899999999999,0.5403899999999999,0.50379,0.08701,0.28808,29.0,6.4539999961853,0.872001945972443,1.25558519363403,0.540239989757538,0.5313106179237371,0.0772232785820961,0.283488392829895,30.0,6.382000000000001,0.7809999999999999,1.268,0.608,0.604,0.179,0.071,27.0,6.436,0.8,1.2690000000000001,0.746,0.535,0.078,0.175,,,8.924805641,0.8166214820000001,64.8089447,0.9081475729999999,0.783237457,-0.042938665
43,Uzbekistan,44.0,6.002999999999999,0.63244,1.34043,0.59772,0.6582100000000001,0.22837,0.30826,49.0,5.987,0.7359100000000001,1.1681,0.50163,0.60848,0.28333,0.34326,47.0,5.97100019454956,0.786441087722778,1.54896914958954,0.498272627592087,0.6582486629486078,0.246528223156929,0.415983647108078,44.0,6.096,0.7190000000000001,1.584,0.605,0.7240000000000001,0.32799999999999996,0.259,41.0,6.1739999999999995,0.745,1.5290000000000001,0.7559999999999999,0.631,0.24,0.322,,,8.740371704,0.926595807,65.10757446,0.974998116,0.501497388,0.248427153
44,Slovakia,45.0,5.995,1.16891,1.26999,0.7890199999999999,0.31751,0.16893,0.03431,45.0,6.077999999999999,1.27973,1.0826799999999999,0.70367,0.23390999999999998,0.02947,0.13837,40.0,6.09800004959106,1.32539355754852,1.5050592422485398,0.712732911109924,0.295817464590073,0.0242108516395092,0.136544480919838,39.0,6.172999999999999,1.21,1.537,0.7759999999999999,0.354,0.11800000000000001,0.013999999999999999,38.0,6.1979999999999995,1.246,1.504,0.8809999999999999,0.33399999999999996,0.013999999999999999,0.121,,,10.34774971,0.9224937559999999,68.90634155,0.7499526740000001,0.918096125,-0.12440930300000001
45,Japan,46.0,5.987,1.27074,1.25712,0.99111,0.49615,0.10705,0.1806,53.0,5.921,1.3800700000000001,1.06054,0.91491,0.46761,0.18985,0.10224,51.0,5.92000007629395,1.41691517829895,1.43633782863617,0.9134758710861208,0.505625545978546,0.163760736584663,0.12057276815176,54.0,5.915,1.294,1.462,0.988,0.5529999999999999,0.079,0.15,58.0,5.886,1.327,1.419,1.088,0.445,0.14,0.069,,,10.57968903,0.883545935,75.00096893,0.8099613790000001,0.654558063,-0.24691034899999997
46,South Korea,47.0,5.984,1.24461,0.95774,0.96538,0.33208000000000004,0.18557,0.07857,57.0,5.835,1.35948,0.7219399999999999,0.88645,0.25168,0.07716,0.18824000000000002,55.0,5.837999820709231,1.40167844295502,1.1282744407653795,0.900214076042175,0.257921665906906,0.0632826685905457,0.206674367189407,57.0,5.875,1.266,1.204,0.955,0.244,0.175,0.051,54.0,5.895,1.301,1.219,1.036,0.159,0.055999999999999994,0.175,,,10.51056671,0.7993871570000001,73.60272979999999,0.6129651070000001,0.789067447,-0.043404032
47,Ecuador,48.0,5.975,0.8640200000000001,0.99903,0.79075,0.48574,0.11540999999999997,0.1809,51.0,5.976,0.97306,0.85974,0.68613,0.4027,0.18037,0.10074,44.0,6.00799989700317,1.00082039833069,1.28616881370544,0.685636222362518,0.4551981985569,0.140134647488594,0.15011246502399406,48.0,5.973,0.889,1.33,0.736,0.556,0.114,0.12,50.0,6.028,0.912,1.3119999999999998,0.868,0.498,0.087,0.126,,,9.246058463999999,0.836418986,68.50003815,0.8598289490000001,0.8012151120000001,-0.127014965
48,Bahrain,49.0,5.96,1.32376,1.21624,0.74716,0.45492,0.17362,0.306,42.0,6.218,1.44024,0.9439700000000001,0.65696,0.47375,0.25772,0.17147,41.0,6.08699989318848,1.48841226100922,1.3231104612350502,0.653133034706116,0.536746919155121,0.257042169570923,0.17266848683357194,43.0,6.105,1.338,1.3659999999999999,0.698,0.594,0.243,0.12300000000000001,37.0,6.199,1.3619999999999999,1.368,0.871,0.536,0.11,0.255,,,10.67638016,0.876342118,68.5,0.905855775,0.7393470999999999,0.13372919
49,Italy,50.0,5.948,1.25114,1.19777,0.95446,0.26236,0.22823,0.02901,50.0,5.977,1.35495,1.04167,0.8510200000000001,0.18827,0.02556,0.16684000000000002,48.0,5.96400022506714,1.39506661891937,1.44492328166962,0.8531443476676941,0.256450712680817,0.0280280914157629,0.17278964817523998,47.0,6.0,1.264,1.501,0.946,0.281,0.13699999999999998,0.027999999999999997,36.0,6.223,1.294,1.4880000000000002,1.0390000000000001,0.231,0.03,0.158,,,10.48183632,0.8898785709999999,73.60168457,0.66465199,0.873404682,-0.04346099900000001
50,Bolivia,51.0,5.89,0.68133,0.97841,0.5392,0.57414,0.20536,0.08800000000000001,59.0,5.822,0.79422,0.8377899999999999,0.4697,0.50961,0.07746,0.21698,58.0,5.82299995422363,0.833756566047668,1.22761905193329,0.4736302495002751,0.5587329268455511,0.0604777261614799,0.22556072473526,62.0,5.752000000000001,0.7509999999999999,1.2229999999999999,0.508,0.606,0.141,0.054000000000000006,61.0,5.779,0.7759999999999999,1.209,0.706,0.511,0.064,0.13699999999999998,,,8.851115227000001,0.803108692,63.6004715,0.875873327,0.8226062059999999,-0.09168113
51,Moldova,52.0,5.8889999999999985,0.59448,1.01528,0.61826,0.32818,0.20951,0.01615,55.0,5.897,0.69177,0.8313200000000001,0.5230899999999999,0.25201999999999997,0.019030000000000002,0.19997,56.0,5.837999820709231,0.7288706302642819,1.25182557106018,0.5894652009010309,0.240729048848152,0.0100912861526012,0.20877912640571605,67.0,5.64,0.657,1.301,0.62,0.23199999999999998,0.171,0.0,71.0,5.529,0.685,1.328,0.7390000000000001,0.245,0.0,0.18100000000000002,,,8.776714325,0.843313575,65.01301575,0.721609175,0.913314283,-0.037741039
52,Paraguay,53.0,5.877999999999999,0.75985,1.30477,0.66098,0.53899,0.3424,0.08242000000000001,70.0,5.537999999999999,0.8937299999999999,1.11111,0.58295,0.46235,0.07396,0.25296,70.0,5.493000030517581,0.932537317276001,1.50728487968445,0.579250693321228,0.473507791757584,0.091065913438797,0.224150657653809,64.0,5.681,0.835,1.5219999999999998,0.615,0.541,0.162,0.07400000000000001,63.0,5.742999999999999,0.855,1.475,0.777,0.514,0.08,0.184,,,9.389982224,0.8987278940000001,65.63993835,0.885923445,0.8347885009999999,0.007997713
53,Kazakhstan,54.0,5.855,1.12254,1.12241,0.64368,0.51649,0.11827,0.08454,54.0,5.919,1.22943,0.95544,0.57386,0.4052,0.11132,0.15011,60.0,5.8189997673034695,1.2845562696456898,1.38436901569366,0.6060415506362921,0.43745428323745705,0.11928288638591802,0.20196442306041695,60.0,5.79,1.143,1.516,0.631,0.45399999999999996,0.14800000000000002,0.121,60.0,5.809,1.173,1.508,0.7290000000000001,0.41,0.096,0.146,,,10.11465836,0.934744895,64.60996246,0.811601937,0.7644908429999999,-0.068488635
54,Slovenia,55.0,5.848,1.18498,1.27385,0.8733700000000001,0.60855,0.25328,0.03787,63.0,5.768,1.2994700000000001,1.05613,0.79151,0.53164,0.03635,0.25738,62.0,5.75799989700317,1.3412059545517,1.4525188207626298,0.7908282279968258,0.572575807571411,0.0451289787888527,0.242649093270302,51.0,5.9479999999999995,1.219,1.506,0.856,0.633,0.16,0.051,44.0,6.117999999999999,1.258,1.5230000000000001,0.953,0.564,0.057,0.14400000000000002,,,10.39232254,0.939575672,71.1029892,0.936142623,0.817071021,-0.080603383
55,Lithuania,56.0,5.832999999999998,1.14723,1.25745,0.73128,0.21342,0.026410000000000003,0.01031,60.0,5.813,1.2692,1.0641100000000001,0.64674,0.18929,0.0182,0.02025,52.0,5.90199995040894,1.3145823478698702,1.47351610660553,0.62894994020462,0.234231784939766,0.0118656428530812,0.010164656676352,50.0,5.952000000000001,1.197,1.527,0.716,0.35,0.026000000000000002,0.006,42.0,6.149,1.238,1.515,0.818,0.29100000000000004,0.042,0.043,,,10.34362602,0.926107109,67.29407501,0.747381449,0.809583843,-0.21972529600000001
56,Nicaragua,57.0,5.8279999999999985,0.59325,1.14184,0.7431399999999999,0.55475,0.27815,0.19317,48.0,5.992000000000001,0.69384,0.8952100000000001,0.65213,0.46581999999999996,0.16292,0.29773,43.0,6.07100009918213,0.737299203872681,1.28721570968628,0.6530959606170649,0.447551846504211,0.130687981843948,0.301674216985703,41.0,6.141,0.6679999999999999,1.319,0.7,0.527,0.20800000000000002,0.128,45.0,6.105,0.6940000000000001,1.325,0.835,0.435,0.127,0.2,,,8.493160247999999,0.8574970359999999,67.50717926,0.8639028670000001,0.665950119,0.020959141
57,Peru,58.0,5.824,0.9001899999999999,0.97459,0.73017,0.4149600000000001,0.14982,0.05989,64.0,5.742999999999999,0.9960200000000001,0.81255,0.6299399999999999,0.37501999999999996,0.05292,0.14527,63.0,5.71500015258789,1.03522527217865,1.21877038478851,0.6301661133766171,0.4500028789043429,0.0470490865409374,0.126819714903831,65.0,5.662999999999999,0.934,1.249,0.674,0.53,0.092,0.034,65.0,5.697,0.96,1.274,0.8540000000000001,0.455,0.027000000000000003,0.083,,,9.456313133,0.8310752509999999,68.10023499,0.8247660990000001,0.8937149640000001,-0.16238822
58,Belarus,59.0,5.813,1.0319200000000002,1.23289,0.7360800000000001,0.37938,0.11046,0.1909,61.0,5.8020000000000005,1.1306200000000002,1.04993,0.6310399999999999,0.29091,0.17457,0.13942000000000002,67.0,5.5689997673034695,1.15655755996704,1.4449452161788898,0.6377142667770389,0.295400261878967,0.156313821673393,0.15513750910759,73.0,5.483,1.0390000000000001,1.4980000000000002,0.7,0.307,0.10099999999999999,0.154,81.0,5.3229999999999995,1.067,1.465,0.789,0.235,0.142,0.094,,,9.779945374,0.90674746,66.10433197,0.6391630770000001,0.63571167,-0.164926544
59,Poland,60.0,5.791,1.12555,1.27948,0.77903,0.53122,0.16759000000000002,0.04212,57.0,5.835,1.24585,1.04685,0.69058,0.4519,0.055,0.14443,46.0,5.97300004959106,1.29178786277771,1.44571197032928,0.699475347995758,0.520342111587524,0.0593078061938286,0.158465966582298,42.0,6.122999999999999,1.176,1.4480000000000002,0.7809999999999999,0.546,0.10800000000000001,0.064,40.0,6.182,1.206,1.4380000000000002,0.884,0.483,0.05,0.11699999999999999,,,10.26512432,0.874257445,69.31113434,0.8620557790000001,0.6869270209999999,-0.205084071
60,Malaysia,61.0,5.77,1.12486,1.07023,0.7239399999999999,0.5302399999999999,0.33075,0.10501,47.0,6.005,1.25142,0.88025,0.62366,0.39031,0.09081,0.41473999999999994,42.0,6.08400011062622,1.29121541976929,1.28464603424072,0.618784427642822,0.4022649824619289,0.0656007081270218,0.416608929634094,35.0,6.322,1.161,1.258,0.669,0.35600000000000004,0.311,0.059000000000000004,80.0,5.3389999999999995,1.2209999999999999,1.171,0.828,0.508,0.024,0.26,,,10.26251888,0.816509426,67.10215759,0.8946268559999999,0.8393023009999999,0.11472679699999999
61,Croatia,62.0,5.759,1.08254,0.79624,0.78805,0.25883,0.05444,0.0243,74.0,5.4879999999999995,1.18649,0.6080899999999999,0.70524,0.23906999999999998,0.04002,0.18434,77.0,5.2930002212524405,1.22255623340607,0.96798300743103,0.701288521289825,0.255772292613983,0.0431031100451946,0.248002976179123,82.0,5.321000000000001,1.115,1.161,0.737,0.38,0.12,0.039,75.0,5.432,1.155,1.266,0.914,0.29600000000000004,0.022000000000000002,0.11900000000000001,,,10.07087517,0.874623716,70.21490479,0.714838803,0.916495264,-0.128538325
62,Libya,63.0,5.754,1.13145,1.1186200000000002,0.7038,0.41668,0.18295,0.11023,67.0,5.615,1.0668799999999998,0.95076,0.52304,0.40671999999999997,0.10339000000000001,0.17087,68.0,5.525000095367429,1.10180306434631,1.35756433010101,0.520169019699097,0.465733230113983,0.0926102101802826,0.15207366645336198,70.0,5.566,0.985,1.35,0.5529999999999999,0.496,0.11599999999999999,0.14800000000000002,72.0,5.525,1.044,1.3030000000000002,0.6729999999999999,0.41600000000000004,0.152,0.133,,,9.789815903,0.8259429340000001,62.29999924,0.773157001,0.668779135,-0.085054487
63,Russia,64.0,5.716,1.13764,1.23617,0.6692600000000001,0.36679,0.00199,0.03005,56.0,5.856,1.2322799999999998,1.05261,0.58991,0.32682,0.03586,0.027360000000000002,49.0,5.962999820709231,1.28177809715271,1.46928238868713,0.547349333763123,0.373783111572266,0.0329628810286522,0.0522638224065304,59.0,5.81,1.151,1.479,0.599,0.39899999999999997,0.065,0.025,68.0,5.648,1.183,1.452,0.726,0.33399999999999996,0.031,0.08199999999999999,,,10.12887192,0.903150737,64.10045624,0.729892612,0.864802599,-0.151153743
64,Jamaica,65.0,5.709,0.81038,1.1510200000000002,0.6874100000000001,0.50442,0.2123,0.02299,73.0,5.51,0.89333,0.96372,0.5946899999999999,0.43596999999999997,0.04294,0.22245,76.0,5.31099987030029,0.925579309463501,1.3682180643081698,0.6410223841667181,0.474307239055634,0.0552677810192108,0.23381833732128104,56.0,5.89,0.8190000000000001,1.493,0.693,0.575,0.096,0.031,56.0,5.89,0.831,1.4780000000000002,0.831,0.49,0.027999999999999997,0.107,,,9.006250381000001,0.9157018659999999,67.09999847,0.8580685259999999,0.8888900279999999,-0.12510676699999998
65,North Cyprus,66.0,5.695,1.20806,1.07008,0.92356,0.49027,0.26169000000000003,0.1428,62.0,5.771,1.31141,0.81826,0.8414200000000001,0.43596,0.16577999999999998,0.26322,61.0,5.80999994277954,1.3469113111496,1.18630337715149,0.834647238254547,0.471203625202179,0.155353352427483,0.266845703125,,,,,,,,,,,,,,,,,,,10.40570259,0.820356607,73.70222473,0.79529351,0.62611568,0.00022715900000000003
66,Cyprus,67.0,5.689,1.20813,0.89318,0.92356,0.40672,0.30638000000000004,0.06146,69.0,5.546,1.31857,0.70697,0.8488,0.29507,0.05227999999999999,0.27906,65.0,5.62099981307983,1.35593807697296,1.13136327266693,0.84471470117569,0.35511153936386103,0.0412379764020443,0.271254301071167,61.0,5.7620000000000005,1.229,1.1909999999999998,0.909,0.423,0.20199999999999999,0.035,49.0,6.046,1.263,1.2229999999999999,1.042,0.406,0.040999999999999995,0.19,,,10.40570259,0.8059962390000001,73.70222473,0.7798582909999999,0.8562717440000001,0.043731495999999995
67,Algeria,68.0,5.605,0.93929,1.07772,0.61766,0.28579,0.07822,0.17382999999999998,38.0,6.355,1.05266,0.83309,0.6180399999999999,0.21006,0.16157,0.07044,53.0,5.8720002174377415,1.09186446666718,1.1462174654007,0.6175846457481379,0.233335807919502,0.14609611034393302,0.0694366469979286,84.0,5.295,0.9790000000000001,1.1540000000000001,0.687,0.077,0.055,0.135,88.0,5.211,1.002,1.16,0.785,0.086,0.114,0.073,,,9.537964821000001,0.8033851390000001,65.90517426,0.46661090899999996,0.7354851370000001,-0.121105164
68,Kosovo,69.0,5.589,0.80148,0.81198,0.63132,0.24749,0.2831,0.04741,77.0,5.401,0.90145,0.66062,0.54,0.14396,0.06547,0.27992,78.0,5.27899980545044,0.951484382152557,1.13785350322723,0.541452050209045,0.260287940502167,0.0574716180562973,0.319931447505951,66.0,5.662000000000001,0.855,1.23,0.578,0.44799999999999995,0.27399999999999997,0.023,46.0,6.1,0.882,1.232,0.758,0.489,0.006,0.262,,,9.204429626,0.8207265140000001,63.88555527,0.861535907,0.922328293,0.19093376399999998
69,Turkmenistan,70.0,5.547999999999999,0.95847,1.22668,0.53886,0.4761,0.16979,0.30844,65.0,5.6579999999999995,1.08017,1.03817,0.44006000000000006,0.37408,0.28467,0.22566999999999998,59.0,5.82200002670288,1.1307767629623402,1.49314916133881,0.437726080417633,0.41827192902565,0.2592703402042389,0.24992498755455,68.0,5.636,1.016,1.5330000000000001,0.517,0.41700000000000004,0.19899999999999998,0.037000000000000005,87.0,5.247000000000001,1.052,1.538,0.657,0.39399999999999996,0.027999999999999997,0.244,,,9.74803257,0.958966196,62.21170807,0.8264570240000001,0.883691847,0.187671542
70,Mauritius,71.0,5.477,1.00761,0.98521,0.7095,0.56066,0.37744,0.07521,66.0,5.648,1.14372,0.75695,0.66189,0.46145,0.05202999999999999,0.36951,64.0,5.62900018692017,1.18939554691315,1.20956099033356,0.6380074620246889,0.491247326135635,0.0421815551817417,0.360933750867844,55.0,5.891,1.09,1.3869999999999998,0.684,0.584,0.245,0.05,57.0,5.888,1.12,1.402,0.7979999999999999,0.498,0.06,0.215,,,9.956786156,0.910357833,66.40434265,0.889534533,0.8053430909999999,-0.018318573
71,Hong Kong,72.0,5.474,1.38604,1.05818,1.01328,0.59608,0.39478,0.37124,75.0,5.457999999999999,1.5107,0.87021,0.9527700000000001,0.48078999999999994,0.31647,0.40097,,,,,,,,,76.0,5.43,1.405,1.29,1.03,0.524,0.24600000000000002,0.29100000000000004,76.0,5.43,1.4380000000000002,1.2770000000000001,1.122,0.44,0.287,0.258,,,,,,,,
72,Estonia,73.0,5.4289999999999985,1.15174,1.22791,0.77361,0.44888,0.0868,0.15184,72.0,5.517,1.2796399999999999,1.0516299999999998,0.68098,0.41511000000000003,0.18519000000000002,0.08423,66.0,5.61100006103516,1.3208793401718102,1.47667109966278,0.695168316364288,0.479131430387497,0.18324892222881306,0.0988908112049103,63.0,5.739,1.2,1.5319999999999998,0.737,0.5529999999999999,0.086,0.174,55.0,5.893,1.237,1.528,0.8740000000000001,0.495,0.161,0.10300000000000001,,,10.34001732,0.9347299929999999,68.60495758,0.87770915,0.623073816,-0.111697771
73,Indonesia,74.0,5.399,0.8282700000000001,1.0870799999999998,0.63793,0.46611,0.51535,0.0,79.0,5.314,0.95104,0.87625,0.49373999999999996,0.39237,0.00322,0.56521,81.0,5.26200008392334,0.995538592338562,1.27444469928741,0.4923457205295561,0.443323463201523,0.0153171354904771,0.611704587936401,96.0,5.093,0.899,1.215,0.522,0.5379999999999999,0.484,0.018000000000000002,92.0,5.192,0.9309999999999999,1.203,0.66,0.491,0.027999999999999997,0.498,,,9.36975193,0.808379889,62.15584946,0.8706144090000001,0.876296401,0.519586504
74,Vietnam,75.0,5.36,0.63216,0.91226,0.7467600000000001,0.59444,0.1686,0.10441,96.0,5.061,0.74037,0.7911699999999999,0.66157,0.5595399999999999,0.11556,0.25075,94.0,5.07399988174438,0.7885475754737851,1.27749133110046,0.6521689891815191,0.571055591106415,0.0876332372426987,0.234968051314354,95.0,5.103,0.715,1.365,0.7020000000000001,0.618,0.177,0.079,94.0,5.175,0.741,1.3459999999999999,0.851,0.5429999999999999,0.073,0.147,,,8.809545517,0.849987149,67.95273590000001,0.939592957,0.79642123,-0.094533332
75,Turkey,76.0,5.332000000000002,1.06098,0.94632,0.73172,0.22815,0.12253,0.15746,78.0,5.388999999999999,1.1649200000000002,0.8771700000000001,0.64718,0.23889000000000002,0.12347999999999999,0.04707,69.0,5.5,1.1982743740081798,1.33775317668915,0.6376056075096129,0.300740599632263,0.0996715798974037,0.0466930419206619,74.0,5.483,1.148,1.38,0.6859999999999999,0.324,0.106,0.109,79.0,5.372999999999999,1.183,1.36,0.8079999999999999,0.195,0.106,0.083,,,10.12941933,0.826313555,66.90281677,0.6088304520000001,0.748197377,-0.17104643600000002
76,Kyrgyzstan,77.0,5.2860000000000005,0.47428,1.15115,0.65088,0.43477,0.3003,0.04232,85.0,5.185,0.5604399999999999,0.95434,0.5544899999999999,0.40212,0.047619999999999996,0.38432,98.0,5.0040001869201705,0.5962200760841371,1.39423859119415,0.553457796573639,0.454943388700485,0.0394391790032387,0.42858037352562,92.0,5.131,0.53,1.416,0.594,0.54,0.281,0.035,86.0,5.261,0.551,1.4380000000000002,0.723,0.508,0.023,0.3,,,8.148405075,0.8872284890000001,64.10601044,0.909374893,0.888396084,0.15477205800000002
77,Nigeria,78.0,5.268,0.65435,0.90432,0.16007000000000002,0.34334000000000003,0.27233,0.0403,103.0,4.875,0.75216,0.64498,0.05108,0.27854,0.0305,0.23219,95.0,5.07399988174438,0.783756256103516,1.21577048301697,0.0569157302379608,0.394952565431595,0.0261215660721064,0.230947196483612,91.0,5.155,0.6890000000000001,1.172,0.048,0.462,0.201,0.032,85.0,5.265,0.696,1.111,0.245,0.426,0.040999999999999995,0.215,,,8.57662487,0.73721689,49.86190796,0.759578407,0.861874342,0.033745807
78,Bhutan,79.0,5.252999999999999,0.77042,1.10395,0.57407,0.5320600000000001,0.47998,0.15445,84.0,5.196000000000001,0.8527,0.9083600000000001,0.49759,0.46074,0.1616,0.48546000000000006,97.0,5.01100015640259,0.885416388511658,1.3401265144348102,0.495879292488098,0.5015376806259161,0.17338038980960802,0.474054545164108,97.0,5.082,0.7959999999999999,1.335,0.527,0.541,0.364,0.171,95.0,5.082,0.813,1.321,0.604,0.457,0.16699999999999998,0.37,,,,,,,,
79,Azerbaijan,80.0,5.2120000000000015,1.02389,0.93793,0.64045,0.3703,0.07799,0.16065,81.0,5.291,1.12373,0.76042,0.54504,0.35327,0.17914000000000002,0.0564,85.0,5.2340002059936515,1.1536017656326298,1.15240025520325,0.5407757759094239,0.3981558382511141,0.180987507104874,0.0452693402767181,87.0,5.2010000000000005,1.024,1.161,0.603,0.43,0.031,0.17600000000000002,90.0,5.207999999999999,1.043,1.147,0.769,0.35100000000000003,0.182,0.035,,,9.687726974,0.819308281,65.50839996,0.786824107,0.55253756,-0.24025528100000001
80,Pakistan,81.0,5.194,0.59543,0.41411,0.51466,0.12102,0.33671,0.10464,92.0,5.132000000000001,0.68816,0.26135,0.40306,0.14622000000000002,0.1388,0.31185,80.0,5.26900005340576,0.7268835306167599,0.6726906895637509,0.402047783136368,0.23521526157856,0.124348066747189,0.3154460191726681,75.0,5.472,0.652,0.81,0.424,0.33399999999999996,0.21600000000000003,0.113,67.0,5.653,0.677,0.8859999999999999,0.535,0.313,0.098,0.22,,,8.482727051,0.689062297,58.25313568,0.734833717,0.7457054259999999,0.04489987
81,Jordan,82.0,5.192,0.90198,1.05392,0.69639,0.40661,0.11053,0.14293,80.0,5.303,0.9967299999999999,0.86216,0.60712,0.36023,0.13297,0.14262,74.0,5.33599996566772,0.9910123944282528,1.23908889293671,0.6045900583267211,0.418421149253845,0.11980327218771003,0.17217046022415194,90.0,5.1610000000000005,0.8220000000000001,1.265,0.645,0.46799999999999997,0.13,0.134,101.0,4.906000000000001,0.8370000000000001,1.225,0.815,0.38299999999999995,0.13,0.11,,,9.025999069,0.80216372,66.79975128,0.75104779,0.700344324,-0.162565202
82,Montenegro,82.0,5.192,0.97438,0.90557,0.72521,0.1826,0.1614,0.14296,88.0,5.1610000000000005,1.07838,0.74173,0.6353300000000001,0.15111,0.12721,0.17190999999999998,83.0,5.23699998855591,1.12112903594971,1.23837649822235,0.6674646735191351,0.194989055395126,0.0881741940975189,0.197911024093628,81.0,5.347,1.0170000000000001,1.2790000000000001,0.7290000000000001,0.259,0.111,0.081,73.0,5.523,1.051,1.361,0.871,0.19699999999999998,0.08,0.142,,,9.751860619,0.855314612,68.50534821,0.649565637,0.7831215859999999,-0.075600356
83,China,84.0,5.14,0.89012,0.94675,0.81658,0.5169699999999999,0.08185,0.02781,83.0,5.245,1.0278,0.79381,0.73561,0.44011999999999996,0.02745,0.049589999999999995,79.0,5.2729997634887695,1.08116579055786,1.16083741188049,0.741415500640869,0.472787708044052,0.0227942746132612,0.0288068410009146,86.0,5.246,0.9890000000000001,1.1420000000000001,0.799,0.597,0.028999999999999998,0.10300000000000001,93.0,5.191,1.0290000000000001,1.125,0.893,0.521,0.1,0.057999999999999996,,,9.688568115,0.798760593,69.2891922,0.898517907,0.7539710999999999,-0.18142575
84,Zambia,85.0,5.129,0.47038,0.91612,0.29924,0.48827,0.19591,0.12468,106.0,4.795,0.61202,0.6376,0.23573000000000002,0.42662,0.11479,0.17865999999999999,116.0,4.513999938964839,0.6364067792892459,1.00318729877472,0.25783589482307395,0.461603492498398,0.0782135501503944,0.249580144882202,125.0,4.377,0.562,1.047,0.295,0.503,0.221,0.08199999999999999,138.0,4.107,0.578,1.058,0.426,0.431,0.087,0.247,,,8.224720001,0.698824465,55.29937744,0.806500256,0.801289678,0.078037128
85,Romania,86.0,5.124,1.04345,0.8858799999999999,0.7689,0.35068,0.13748,0.006490000000000001,71.0,5.528,1.1697,0.7280300000000001,0.67602,0.36712,0.006790000000000001,0.12889,57.0,5.824999809265139,1.21768391132355,1.15009129047394,0.6851583123207089,0.457003742456436,0.004387900698930029,0.133519917726517,52.0,5.945,1.1159999999999999,1.219,0.726,0.528,0.08800000000000001,0.001,48.0,6.07,1.162,1.232,0.825,0.462,0.005,0.083,,,10.107584,0.8251615170000001,67.20723724,0.842823207,0.9343002440000001,-0.19781521
86,Serbia,87.0,5.122999999999998,0.92053,1.00964,0.74836,0.20107,0.19231,0.02617,86.0,5.1770000000000005,1.03437,0.81329,0.6458,0.15718,0.04339,0.20736999999999997,73.0,5.39499998092651,1.06931757926941,1.2581897974014298,0.65078467130661,0.20871552824974104,0.0409037806093693,0.22012588381767295,78.0,5.398,0.975,1.369,0.685,0.28800000000000003,0.134,0.043,70.0,5.603,1.004,1.383,0.8540000000000001,0.282,0.039,0.13699999999999998,,,9.680980682000001,0.881475747,68.21020508,0.726495862,0.843509018,-0.073676221
87,Portugal,88.0,5.102,1.15991,1.13935,0.8751899999999999,0.51469,0.13719,0.01078,94.0,5.122999999999999,1.27607,0.9436700000000001,0.7936300000000001,0.44727,0.01521,0.11690999999999999,89.0,5.19500017166138,1.3151752948761002,1.36704301834106,0.795843541622162,0.498465299606323,0.0158694516867399,0.0951027125120163,77.0,5.41,1.188,1.429,0.884,0.562,0.055,0.017,66.0,5.693,1.2209999999999999,1.431,0.9990000000000001,0.508,0.025,0.047,,,10.26374245,0.8865907190000001,72.40202332,0.8887478109999999,0.8926295040000001,-0.220714301
88,Latvia,89.0,5.098,1.11312,1.09562,0.72437,0.29671,0.18226,0.06332,68.0,5.56,1.2178799999999999,0.95025,0.63952,0.27996,0.0889,0.17445,54.0,5.849999904632571,1.26074862480164,1.40471494197845,0.638566970825195,0.325707912445068,0.0738427266478539,0.153074786067009,53.0,5.933,1.148,1.454,0.6709999999999999,0.363,0.092,0.066,53.0,5.94,1.187,1.465,0.812,0.264,0.064,0.075,,,10.17531967,0.9182885890000001,66.8074646,0.671237648,0.7955800890000001,-0.186888844
89,Philippines,90.0,5.073,0.70532,1.03516,0.58114,0.62545,0.24991,0.12279,82.0,5.279,0.81217,0.87877,0.47036000000000006,0.5485399999999999,0.11757000000000001,0.21674000000000002,72.0,5.42999982833862,0.85769921541214,1.25391757488251,0.468009054660797,0.585214674472809,0.0993318930268288,0.193513423204422,71.0,5.524,0.775,1.3119999999999998,0.513,0.643,0.12,0.105,69.0,5.631,0.807,1.2930000000000001,0.657,0.5579999999999999,0.107,0.11699999999999999,,,8.993545532,0.8467300529999999,61.92676163,0.915463448,0.7336341140000001,-0.105463006
90,Somaliland region,91.0,5.057,0.18847,0.95152,0.43873,0.46582,0.5031800000000001,0.39928,,,,,,,,,,,,,,,,,,,,,,,,,,,,,,,,,,,,,,,,
91,Morocco,92.0,5.013,0.7347899999999999,0.64095,0.60954,0.4169100000000001,0.07172,0.08546000000000001,90.0,5.151,0.8405799999999999,0.38595,0.5947100000000001,0.25645999999999997,0.08404,0.040530000000000004,84.0,5.2350001335144,0.8781145811080929,0.774864435195923,0.59771066904068,0.408158332109451,0.0877631828188896,0.0322099551558495,85.0,5.254,0.779,0.797,0.669,0.46,0.026000000000000002,0.07400000000000001,89.0,5.207999999999999,0.8009999999999999,0.782,0.782,0.418,0.076,0.036000000000000004,,,8.940313339,0.5926284789999999,65.89624023,0.772072434,0.8157246109999999,-0.240377247
92,Macedonia,93.0,5.007,0.91851,1.00232,0.73545,0.33457,0.22359,0.053270000000000005,95.0,5.121,1.0193,0.78236,0.6473800000000001,0.27668000000000004,0.07047,0.23506999999999997,92.0,5.1750001907348615,1.06457793712616,1.20789301395416,0.644948184490204,0.325905978679657,0.0602777935564518,0.25376096367836,89.0,5.185,0.9590000000000001,1.239,0.691,0.39399999999999996,0.17300000000000001,0.052000000000000005,,,,,,,,,,,9.510591507000001,0.820392311,67.50442505,0.738840938,0.8974905009999999,-0.019877451
93,Mozambique,94.0,4.971,0.08308,1.02626,0.09131,0.34037,0.22269,0.15603,,,,,,,,,113.0,4.5500001907348615,0.234305649995804,0.870701014995575,0.106654435396194,0.480791091918945,0.17943638563156106,0.322228103876114,123.0,4.417,0.198,0.902,0.17300000000000001,0.531,0.20600000000000002,0.158,123.0,4.466,0.204,0.986,0.39,0.494,0.138,0.19699999999999998,,,7.069345951,0.723874032,54.20582199,0.864451885,0.683019102,0.032375867999999995
94,Albania,95.0,4.959,0.8786700000000001,0.8043399999999999,0.81325,0.35733000000000004,0.14272,0.06412999999999999,109.0,4.655,0.9553,0.50163,0.73007,0.31866,0.05301,0.1684,109.0,4.64400005340576,0.996192753314972,0.8036852478981021,0.731159746646881,0.381498634815216,0.0398642159998417,0.201312944293022,112.0,4.586,0.9159999999999999,0.8170000000000001,0.79,0.419,0.149,0.032,107.0,4.718999999999999,0.9470000000000001,0.848,0.8740000000000001,0.38299999999999995,0.027000000000000003,0.17800000000000002,,,9.417930603,0.671070457,68.70813751,0.7819942240000001,0.896303713,-0.042309489000000006
95,Bosnia and Herzegovina,96.0,4.949,0.8322299999999999,0.91916,0.79081,0.09245,0.24808,0.00227,87.0,5.162999999999999,0.9338299999999999,0.64367,0.7076600000000001,0.09511,0.0,0.29889,90.0,5.18200016021729,0.982409417629242,1.0693359375,0.705186307430267,0.204403176903725,0.0,0.328867495059967,93.0,5.129,0.915,1.078,0.758,0.28,0.21600000000000003,0.0,78.0,5.386,0.945,1.212,0.845,0.212,0.006,0.263,,,9.455817223,0.829204142,67.80813599,0.651352704,0.933769107,0.098274559
96,Lesotho,97.0,4.898,0.37545,1.04103,0.07612000000000001,0.31767,0.16388,0.12504,,,,,,,,,139.0,3.80800008773804,0.521021246910095,1.19009518623352,0.0,0.390661299228668,0.119094640016556,0.157497271895409,141.0,3.8080000000000003,0.47200000000000003,1.215,0.079,0.423,0.11599999999999999,0.11199999999999999,144.0,3.802,0.489,1.169,0.168,0.359,0.09300000000000001,0.107,,,7.9604883189999995,0.7804957029999999,48.00362396,0.738125861,0.857392073,-0.145732045
97,Dominican Republic,98.0,4.885,0.8953700000000001,1.17202,0.66825,0.57672,0.21684,0.14234000000000002,89.0,5.155,1.02787,0.9949600000000001,0.5766899999999999,0.52259,0.12372000000000001,0.21286,86.0,5.230000019073491,1.07937383651733,1.4024167060852095,0.574873745441437,0.55258983373642,0.113945253193378,0.186967849731445,83.0,5.3020000000000005,0.982,1.4409999999999998,0.614,0.578,0.12,0.106,77.0,5.425,1.015,1.401,0.779,0.49700000000000005,0.10099999999999999,0.113,,,9.664880753,0.882085383,65.80748749,0.8662027720000001,0.755999923,-0.131263286
98,Laos,99.0,4.876,0.5906600000000001,0.73803,0.54909,0.59591,0.42192,0.24249,102.0,4.876,0.68042,0.5497,0.38291,0.52168,0.22423,0.43078999999999995,,,,,,,,,110.0,4.623,0.72,1.034,0.441,0.626,0.23,0.174,105.0,4.796,0.764,1.03,0.551,0.547,0.16399999999999998,0.266,,,8.79858017,0.7375022170000001,58.70992279,0.907213569,0.634679317,0.11137148
99,Mongolia,100.0,4.874,0.82819,1.3006,0.60268,0.43626,0.3323,0.026660000000000003,101.0,4.907,0.9885299999999999,1.0898299999999999,0.55469,0.35972,0.03285,0.34539000000000003,100.0,4.95499992370605,1.02723586559296,1.4930112361908,0.557783484458923,0.3941439688205721,0.0329022891819477,0.338464230298996,94.0,5.125,0.914,1.517,0.575,0.395,0.253,0.032,83.0,5.285,0.948,1.531,0.667,0.317,0.038,0.235,,,9.412186623,0.9371424909999999,62.30448532,0.693351328,0.863511205,0.09809386699999999
100,Swaziland,101.0,4.867,0.71206,1.07284,0.07566,0.30658,0.18259,0.0306,,,,,,,,,,,,,,,,,,,,,,,,,135.0,4.212,0.8109999999999999,1.149,0.0,0.313,0.135,0.07400000000000001,,,9.16267395,0.7702901959999999,51.18823624,0.646822274,0.708263338,-0.19920142
101,Greece,102.0,4.857,1.15406,0.92933,0.88213,0.07699,0.0,0.013969999999999998,99.0,5.033,1.24886,0.75473,0.80029,0.05822000000000001,0.04127,0.0,87.0,5.227000236511231,1.28948748111725,1.23941457271576,0.8101989030838009,0.0957312509417534,0.04328977689147,0.0,79.0,5.358,1.1540000000000001,1.202,0.879,0.131,0.0,0.044000000000000004,82.0,5.287000000000001,1.181,1.156,0.9990000000000001,0.067,0.034,0.0,,,10.13232613,0.8143803479999999,72.40525818,0.5413451189999999,0.8599314090000001,-0.30090737300000003
102,Lebanon,103.0,4.839,1.02564,0.80001,0.83947,0.33916,0.21854,0.04582,93.0,5.129,1.12268,0.64184,0.76171,0.26228,0.030610000000000002,0.23693000000000003,88.0,5.22499990463257,1.07498753070831,1.12962424755096,0.7350810766220089,0.28851598501205394,0.037513829767704,0.26445075869560203,80.0,5.358,0.965,1.179,0.785,0.503,0.214,0.136,91.0,5.197,0.987,1.224,0.815,0.21600000000000003,0.027000000000000003,0.166,,,9.3617239,0.824338138,67.10658264,0.5513575079999999,0.90225625,-0.06121527
103,Hungary,104.0,4.8,1.12094,1.20215,0.75905,0.32112,0.128,0.02758,91.0,5.145,1.24142,0.9316399999999999,0.67608,0.1977,0.044719999999999996,0.099,75.0,5.32399988174438,1.2860119342803995,1.34313309192657,0.6877634525299069,0.17586351931095098,0.0366369374096394,0.0784016624093056,69.0,5.62,1.171,1.401,0.732,0.259,0.061,0.022000000000000002,62.0,5.757999999999999,1.2009999999999998,1.41,0.828,0.19899999999999998,0.02,0.081,,,10.24924374,0.921934128,67.60997009,0.718964577,0.892916501,-0.19432301800000001
104,Honduras,105.0,4.788,0.59532,0.95348,0.6951,0.40148,0.23027,0.06825,104.0,4.871,0.69429,0.7559600000000001,0.5838300000000001,0.26755,0.06906,0.2044,91.0,5.1810002326965305,0.730573117733002,1.14394497871399,0.582569479942322,0.348079860210419,0.0733454525470734,0.23618887364864305,72.0,5.504,0.62,1.205,0.622,0.45899999999999996,0.19699999999999998,0.07400000000000001,59.0,5.86,0.642,1.236,0.828,0.507,0.078,0.24600000000000002,,,8.424534798,0.821870148,67.19876862,0.870603263,0.801131904,0.086969115
105,Tajikistan,106.0,4.7860000000000005,0.39047,0.8556299999999999,0.5737899999999999,0.47216,0.22974,0.15072,100.0,4.996,0.48835,0.75602,0.5311899999999999,0.43408,0.13509000000000002,0.25998000000000004,96.0,5.04099988937378,0.524713635444641,1.27146327495575,0.5292351245880129,0.471566706895828,0.14637714624404902,0.24899764358997306,88.0,5.199,0.474,1.166,0.598,0.292,0.187,0.034,74.0,5.4670000000000005,0.493,1.0979999999999999,0.718,0.389,0.14400000000000002,0.23,,,8.024810791,0.835297108,64.10459137,0.831383407,0.5920760629999999,-0.025088511
106,Tunisia,107.0,4.739,0.88113,0.60429,0.73793,0.26268,0.06431,0.06358,98.0,5.045,0.97724,0.43165,0.59577,0.23553000000000002,0.0817,0.03936,102.0,4.80499982833862,1.00726580619812,0.8683514595031742,0.613212049007416,0.289680689573288,0.0867231488227844,0.0496933571994305,111.0,4.592,0.9,0.9059999999999999,0.69,0.271,0.04,0.063,124.0,4.461,0.9209999999999999,1.0,0.815,0.16699999999999998,0.055,0.059000000000000004,,,9.314972877999999,0.6887185570000001,66.89785767,0.593361557,0.867590249,-0.216413811
107,Palestinian Territories,108.0,4.715,0.59867,0.92558,0.66015,0.24499,0.11251,0.12905,108.0,4.754,0.67024,0.71629,0.56844,0.17744000000000001,0.10613,0.11154000000000001,103.0,4.77500009536743,0.716249227523804,1.15564715862274,0.565666973590851,0.25471106171608,0.0892826020717621,0.114173173904419,104.0,4.743,0.642,1.217,0.602,0.266,0.086,0.076,110.0,4.696000000000001,0.657,1.247,0.672,0.225,0.066,0.10300000000000001,,,8.389223099,0.825295925,62.25,0.645791829,0.824199975,-0.162079096
108,Bangladesh,109.0,4.694,0.39753,0.4310600000000001,0.60164,0.4082,0.21222,0.12569,110.0,4.643,0.54177,0.24749000000000002,0.52989,0.39778,0.12583,0.19132000000000002,110.0,4.60799980163574,0.586682975292206,0.735131740570068,0.533241033554077,0.478356659412384,0.123717859387398,0.17225535213947304,115.0,4.5,0.532,0.85,0.579,0.58,0.153,0.14400000000000002,125.0,4.456,0.562,0.9279999999999999,0.723,0.527,0.14300000000000002,0.166,,,8.287063599,0.687292993,64.50306702,0.90062499,0.661843538,-0.033664726
109,Iran,110.0,4.686,1.0088,0.54447,0.69805,0.30033000000000004,0.38086,0.05863,105.0,4.813,1.11758,0.38856999999999997,0.64232,0.22544,0.0557,0.38538,108.0,4.69199991226196,1.15687310695648,0.7115512490272521,0.639333188533783,0.24932260811328896,0.048761073499918005,0.387242913246155,106.0,4.707,1.0590000000000002,0.7709999999999999,0.691,0.45899999999999996,0.282,0.129,117.0,4.548,1.1,0.8420000000000001,0.785,0.305,0.125,0.27,,,9.813719749,0.6946896909999999,66.00614929,0.647873282,0.714635968,0.11789110300000001
110,Ukraine,111.0,4.681,0.79907,1.20278,0.6739,0.25123,0.15275,0.02961,123.0,4.324,0.87287,1.01413,0.58628,0.12859,0.01829,0.20363,132.0,4.09600019454956,0.89465194940567,1.39453756809235,0.575903952121735,0.122974775731564,0.0230294708162546,0.270061463117599,138.0,4.103,0.7929999999999999,1.413,0.609,0.163,0.187,0.011000000000000001,133.0,4.332,0.82,1.39,0.7390000000000001,0.17800000000000002,0.01,0.187,,,9.010690689,0.878879368,64.60678101,0.663081884,0.920636714,-0.030933706000000002
111,Iraq,112.0,4.677,0.98549,0.81889,0.60237,0.0,0.17922000000000002,0.13788,112.0,4.575,1.07474,0.59205,0.51076,0.24856,0.13635999999999998,0.19589,117.0,4.49700021743774,1.1027104854583702,0.978613197803497,0.501180469989777,0.288555532693863,0.107215754687786,0.19963726401329,117.0,4.456,1.01,0.971,0.536,0.304,0.14800000000000002,0.095,126.0,4.437,1.043,0.98,0.574,0.24100000000000002,0.08900000000000001,0.14800000000000002,,,9.661095619,0.7476949690000001,59.90354919,0.633182645,0.82226181,-0.06956476
112,South Africa,113.0,4.642,0.92049,1.18468,0.27688,0.33207,0.11973,0.08884,116.0,4.459,1.02416,0.9605299999999999,0.18611,0.42483000000000004,0.08415,0.13656,101.0,4.8289999961853,1.05469870567322,1.38478863239288,0.18708007037639604,0.479246735572815,0.0725094974040985,0.13936237990856198,105.0,4.724,0.94,1.41,0.33,0.516,0.10300000000000001,0.055999999999999994,106.0,4.7219999999999995,0.96,1.351,0.469,0.389,0.055,0.13,,,9.403370857,0.8525322679999999,56.50601196,0.7593300940000001,0.843423843,-0.10977732400000001
113,Ghana,114.0,4.633,0.5455800000000001,0.6795399999999999,0.40132,0.42342,0.23087,0.04355,124.0,4.276,0.63107,0.49353,0.29681,0.40973000000000004,0.0326,0.21203000000000002,131.0,4.11999988555908,0.667224824428558,0.873664736747742,0.29563772678375205,0.423026293516159,0.0253363698720932,0.25692394375801103,108.0,4.657,0.5920000000000001,0.8959999999999999,0.337,0.499,0.212,0.028999999999999998,98.0,4.996,0.611,0.868,0.486,0.381,0.04,0.245,,,8.350645065,0.728601098,57.20398712,0.794796526,0.8479647640000001,0.09417085300000001
114,Zimbabwe,115.0,4.61,0.271,1.03276,0.33475,0.25861,0.18987,0.08079,131.0,4.1930000000000005,0.35041,0.71478,0.1595,0.25429,0.08582000000000001,0.18503,138.0,3.875,0.3758465349674221,1.08309590816498,0.19676375389099104,0.336384207010269,0.0953753814101219,0.189143493771553,144.0,3.6919999999999997,0.35700000000000004,1.094,0.248,0.406,0.132,0.099,146.0,3.6630000000000003,0.366,1.114,0.433,0.361,0.08900000000000001,0.151,,,7.865711688999999,0.7630927559999999,55.61725998,0.711457908,0.81023699,-0.072063953
115,Liberia,116.0,4.5710000000000015,0.0712,0.78968,0.34201,0.28531,0.24362,0.062320000000000014,150.0,3.622,0.10705999999999999,0.50353,0.23165,0.25748000000000004,0.04852,0.24063,148.0,3.532999992370609,0.119041793048382,0.8721179366111759,0.229918196797371,0.33288118243217496,0.0389482490718365,0.26654988527298,149.0,3.495,0.076,0.858,0.267,0.419,0.20600000000000002,0.03,141.0,3.975,0.073,0.922,0.44299999999999995,0.37,0.033,0.233,,,7.054380417000001,0.70928055,56.09631348,0.735268712,0.8563759329999999,0.04227322
116,India,117.0,4.565,0.64499,0.38174,0.5152899999999999,0.39786,0.26475,0.08492000000000001,118.0,4.404,0.74036,0.29247,0.45091000000000003,0.40285,0.08722,0.25028,122.0,4.31500005722046,0.7922212481498722,0.754372596740723,0.455427616834641,0.469987004995346,0.0922268852591515,0.23153848946094505,133.0,4.19,0.721,0.747,0.485,0.539,0.172,0.09300000000000001,140.0,4.015,0.755,0.765,0.588,0.498,0.085,0.2,,,8.849823952000001,0.592200935,60.21518707,0.8814448709999999,0.772042692,0.057551607000000005
117,Sudan,118.0,4.55,0.52107,1.01404,0.36878,0.10081,0.19062,0.1466,133.0,4.138999999999999,0.63069,0.8192799999999999,0.29759,0.0,0.10039,0.18077000000000001,130.0,4.138999938964839,0.6595166921615601,1.21400856971741,0.290920823812485,0.0149958552792668,0.089847519993782,0.182317450642586,137.0,4.138999999999999,0.605,1.24,0.312,0.016,0.134,0.08199999999999999,,,,,,,,,,,,,,,,
118,Haiti,119.0,4.518,0.26673,0.74302,0.38847,0.24425,0.46187,0.17175,136.0,4.0280000000000005,0.34097,0.29561,0.27494,0.12072000000000001,0.14476,0.47958,145.0,3.6029999256134,0.368610262870789,0.640449821949005,0.277321130037308,0.0303698573261499,0.0998721495270729,0.4892037808895109,148.0,3.582,0.315,0.7140000000000001,0.289,0.025,0.392,0.10400000000000001,147.0,3.597,0.32299999999999995,0.688,0.449,0.026000000000000002,0.11,0.419,,,7.411329268999999,0.593247831,55.59862518,0.537825167,0.6847672459999999,0.40053457
119,Congo (Kinshasa),120.0,4.517,0.0,1.0012,0.09806,0.22605,0.24834,0.07625,125.0,4.272,0.05661,0.80676,0.188,0.15602,0.06075,0.25458000000000003,126.0,4.280000209808351,0.0921023488044739,1.22902345657349,0.191407024860382,0.235961347818375,0.0602413564920425,0.246455833315849,132.0,4.245,0.069,1.136,0.204,0.312,0.19699999999999998,0.052000000000000005,127.0,4.418,0.094,1.125,0.35700000000000004,0.26899999999999996,0.053,0.212,,,6.694256306000001,0.6721590159999999,52.90000153,0.700793564,0.809403598,0.083637655
120,Nepal,121.0,4.5139999999999985,0.35997,0.86449,0.5687399999999999,0.38282,0.32296,0.05907,107.0,4.793,0.44626000000000005,0.69699,0.50073,0.37012,0.07007999999999999,0.3816,99.0,4.961999893188481,0.479820191860199,1.17928326129913,0.504130780696869,0.4403059482574461,0.0729755461215973,0.3940961658954621,101.0,4.88,0.425,1.228,0.539,0.526,0.302,0.078,100.0,4.913,0.446,1.226,0.677,0.439,0.08900000000000001,0.285,,,7.925357342000001,0.785512447,63.77917862,0.797565043,0.7380991579999999,0.154168829
121,Ethiopia,122.0,4.512,0.19073,0.60406,0.44055,0.4345,0.24325,0.15048,115.0,4.508,0.29283000000000003,0.37932,0.34578000000000003,0.36703,0.1717,0.29522,119.0,4.46000003814697,0.339233845472336,0.8646692037582401,0.353409707546234,0.408842742443085,0.16545571386814098,0.31265074014663696,127.0,4.35,0.308,0.95,0.391,0.452,0.22,0.146,134.0,4.2860000000000005,0.336,1.033,0.532,0.344,0.1,0.209,,,7.5093855860000005,0.743307352,58.63959122,0.740795195,0.7536900040000001,0.043377332000000005
122,Sierra Leone,123.0,4.507,0.33024000000000003,0.95571,0.0,0.4084,0.21488,0.08786000000000001,111.0,4.635,0.36485,0.628,0.0,0.30685,0.08196,0.23897,106.0,4.70900011062622,0.36842092871666,0.984136044979095,0.005564753897488121,0.318697690963745,0.0710951760411263,0.293040901422501,113.0,4.571000000000001,0.256,0.813,0.0,0.355,0.23800000000000002,0.053,129.0,4.374,0.268,0.841,0.242,0.309,0.045,0.252,,,7.26880312,0.636142015,50.86514282,0.715315044,0.861330688,0.088660747
123,Mauritania,124.0,4.436,0.45407,0.86908,0.35874,0.24232,0.219,0.17461,130.0,4.2010000000000005,0.6139100000000001,0.8414200000000001,0.28639000000000003,0.1268,0.17955,0.22685999999999998,123.0,4.29199981689453,0.6484572887420649,1.2720308303833,0.285349279642105,0.0960980430245399,0.136957004666328,0.201870024204254,126.0,4.356,0.557,1.245,0.292,0.129,0.134,0.09300000000000001,122.0,4.49,0.57,1.167,0.489,0.066,0.08800000000000001,0.106,,,8.233919144,0.7908192279999999,57.01017761,0.551522553,0.746223509,-0.10600814199999999
124,Kenya,125.0,4.419,0.36471,0.99876,0.41435,0.42215,0.37542,0.05839,122.0,4.356,0.52267,0.7624,0.30146999999999996,0.40576,0.06686,0.41328000000000004,112.0,4.55299997329712,0.560479462146759,1.06795072555542,0.30998834967613204,0.452763766050339,0.0646413192152977,0.444860309362411,124.0,4.41,0.493,1.048,0.45399999999999996,0.504,0.35200000000000004,0.055,121.0,4.5089999999999995,0.512,0.983,0.581,0.431,0.053,0.37200000000000005,,,8.02977562,0.702652037,60.09693146,0.829747558,0.831499159,0.294681519
125,Djibouti,126.0,4.369,0.44025,0.59207,0.36291,0.46074,0.18093,0.28105,,,,,,,,,,,,,,,,,,,,,,,,,,,,,,,,,,,,,,,,
126,Armenia,127.0,4.35,0.7682100000000001,0.7771100000000001,0.7299,0.19847,0.07855,0.039,121.0,4.36,0.8608600000000001,0.6247699999999999,0.64083,0.14037,0.036160000000000005,0.07793,121.0,4.37599992752075,0.900596737861633,1.00748372077942,0.637524425983429,0.198303267359734,0.0266744215041399,0.0834880918264389,129.0,4.321000000000001,0.816,0.99,0.6659999999999999,0.26,0.077,0.027999999999999997,116.0,4.559,0.85,1.055,0.815,0.28300000000000003,0.064,0.095,,,9.100476265,0.7574794290000001,66.75065613,0.7120178340000001,0.7735447879999999,-0.13877961
127,Botswana,128.0,4.332,0.99355,1.10464,0.04776,0.49495,0.10461,0.12474,137.0,3.9739999999999998,1.09426,0.89186,0.34752,0.44088999999999995,0.10769000000000001,0.12425,142.0,3.7660000324249294,1.12209415435791,1.22155499458313,0.34175550937652605,0.505196332931519,0.0985831990838051,0.0993484482169151,146.0,3.59,1.0170000000000001,1.1740000000000002,0.41700000000000004,0.557,0.042,0.092,148.0,3.488,1.041,1.145,0.5379999999999999,0.455,0.1,0.025,,,9.711203575,0.7791217570000001,58.92445374,0.8213281040000001,0.777930915,-0.250394493
128,Myanmar,129.0,4.307,0.27108000000000004,0.70905,0.4824600000000001,0.44017,0.79588,0.19034,119.0,4.395,0.34112,0.69981,0.3988,0.42691999999999997,0.20243,0.81971,114.0,4.54500007629395,0.36711055040359497,1.12323594093323,0.397522568702698,0.514492034912109,0.188816204667091,0.8380751609802249,130.0,4.308,0.682,1.1740000000000002,0.429,0.58,0.598,0.17800000000000002,131.0,4.36,0.71,1.181,0.555,0.525,0.172,0.5660000000000001,,,8.680481911000001,0.78440702,58.96171188,0.895075202,0.645124316,0.560663998
129,Georgia,130.0,4.297,0.7419,0.38562,0.72926,0.40577,0.055470000000000005,0.38331,126.0,4.252,0.8379200000000001,0.19249000000000002,0.64035,0.32461,0.3188,0.06786,125.0,4.28599977493286,0.950612664222717,0.57061493396759,0.649546980857849,0.309410035610199,0.25166663527488703,0.0540088154375553,128.0,4.34,0.853,0.5920000000000001,0.643,0.375,0.038,0.215,119.0,4.519,0.8859999999999999,0.6659999999999999,0.752,0.34600000000000003,0.16399999999999998,0.043,,,9.226100922,0.629033029,64.49520874,0.8016415240000001,0.665944695,-0.22892037
130,Malawi,131.0,4.292,0.016040000000000002,0.41134,0.22562,0.43054,0.33128,0.06977,132.0,4.156000000000001,0.08709,0.147,0.29364,0.4143,0.07564,0.30968,136.0,3.97000002861023,0.233442038297653,0.5125688314437871,0.315089583396912,0.466914653778076,0.0727116540074348,0.28717046976089505,147.0,3.5869999999999997,0.18600000000000003,0.541,0.306,0.531,0.21,0.08,150.0,3.41,0.191,0.56,0.495,0.44299999999999995,0.08900000000000001,0.218,,,7.062226295,0.544007301,57.59288788,0.803223193,0.731700778,0.021433279
131,Sri Lanka,132.0,4.271,0.83524,1.01905,0.70806,0.5372600000000001,0.40828,0.09179,117.0,4.415,0.9731799999999999,0.84783,0.62007,0.50817,0.07964,0.46978000000000003,120.0,4.44000005722046,1.00985014438629,1.25997638702393,0.625130832195282,0.561213254928589,0.0736539661884308,0.490863561630249,116.0,4.471,0.9179999999999999,1.314,0.672,0.585,0.307,0.05,130.0,4.3660000000000005,0.9490000000000001,1.265,0.831,0.47,0.047,0.244,,,9.389969826,0.825374067,67.20006561,0.837633669,0.859001756,0.081129618
132,Cameroon,133.0,4.252,0.4225,0.8876700000000001,0.23402,0.49309,0.20618000000000006,0.05786,114.0,4.513,0.5249699999999999,0.62542,0.12697999999999998,0.42736,0.06126,0.2268,107.0,4.69500017166138,0.564305365085602,0.946018218994141,0.132892116904259,0.430388748645782,0.0513066314160824,0.23629845678806305,99.0,4.975,0.535,0.8909999999999999,0.182,0.45399999999999996,0.183,0.043,96.0,5.044,0.5489999999999999,0.91,0.331,0.381,0.037000000000000005,0.187,,,8.118647575,0.700386405,52.704940799999996,0.7630518079999999,0.8513365979999999,-0.00149645
133,Bulgaria,134.0,4.218,1.01216,1.10614,0.76649,0.30587,0.11921,0.00872,129.0,4.217,1.11306,0.92542,0.67806,0.21219000000000002,0.00615,0.12793,105.0,4.71400022506714,1.1614590883255,1.43437945842743,0.708217680454254,0.2892317175865169,0.0110515309497714,0.113177694380283,100.0,4.933,1.054,1.515,0.7120000000000001,0.359,0.064,0.009000000000000001,97.0,5.011,1.092,1.5130000000000001,0.815,0.311,0.004,0.081,,,9.869318962000001,0.937840343,66.80397797,0.745178163,0.9355851409999999,-0.143908441
134,Egypt,135.0,4.194,0.8818,0.747,0.61712,0.17288,0.11291,0.06324,120.0,4.362,0.95395,0.49813,0.5211600000000001,0.18847,0.10393,0.12705999999999998,104.0,4.7350001335144,0.989701807498932,0.997471392154694,0.520187258720398,0.28211015462875394,0.114381365478039,0.128631442785263,122.0,4.419,0.885,1.025,0.5529999999999999,0.312,0.092,0.107,137.0,4.166,0.9129999999999999,1.0390000000000001,0.644,0.24100000000000002,0.067,0.076,,,9.316541672,0.7354478240000001,61.78015137,0.708354175,0.787726879,-0.196878314
135,Yemen,136.0,4.077,0.5464899999999999,0.68093,0.40064,0.35571,0.09131,0.07854,147.0,3.7239999999999998,0.57939,0.47493,0.31048000000000003,0.2287,0.05892000000000001,0.09821,146.0,3.59299993515015,0.5916834473609921,0.93538224697113,0.310080915689468,0.24946372210979506,0.0567674227058887,0.104125209152699,152.0,3.355,0.442,1.073,0.34299999999999997,0.244,0.083,0.064,151.0,3.38,0.287,1.163,0.46299999999999997,0.14300000000000002,0.077,0.10800000000000001,,,7.759682655,0.817980587,56.72728348,0.599920273,0.800287724,-0.157735437
136,Angola,137.0,4.033,0.75778,0.8604,0.16683,0.10384000000000003,0.12344,0.07122,141.0,3.866,0.84731,0.66366,0.04991,0.00589,0.08434,0.12070999999999998,140.0,3.79500007629395,0.8584281802177429,1.10441195964813,0.0498686656355858,0.0,0.0697203353047371,0.09792649000883097,142.0,3.795,0.73,1.125,0.26899999999999996,0.0,0.079,0.061,,,,,,,,,,,,,,,,
137,Mali,138.0,3.995,0.26074,1.03526,0.20583,0.38857,0.18798,0.12352,135.0,4.073,0.31292,0.8633299999999999,0.16347,0.27544,0.13647,0.21064000000000002,127.0,4.19000005722046,0.476180493831635,1.2814733982086202,0.16936567425727805,0.306613743305206,0.10497024655342098,0.183354198932648,118.0,4.447,0.37,1.2329999999999999,0.152,0.36700000000000005,0.139,0.055999999999999994,128.0,4.39,0.385,1.105,0.308,0.327,0.052000000000000005,0.153,,,7.629852295,0.7314689759999999,51.72698212,0.71156615,0.839328408,-0.044366925999999994
138,Congo (Brazzaville),139.0,3.989,0.67866,0.6629,0.31051,0.41466,0.12388,0.11686,127.0,4.236000000000001,0.7710899999999999,0.47798999999999997,0.28212,0.37938,0.09752999999999999,0.12077,124.0,4.29099988937378,0.8089642524719242,0.8320443630218509,0.28995743393898,0.4350258708000179,0.0796181336045265,0.12085212767124197,114.0,4.559,0.682,0.8109999999999999,0.34299999999999997,0.514,0.091,0.077,103.0,4.812,0.6729999999999999,0.799,0.508,0.37200000000000005,0.09300000000000001,0.105,,,8.536987305,0.6402280929999999,57.92448044,0.7190585140000001,0.7517790790000001,-0.123674095
139,Comoros,140.0,3.956,0.23906,0.79273,0.36315,0.22917,0.17440999999999998,0.199,138.0,3.9560000000000004,0.27509,0.60323,0.29980999999999997,0.15412,0.18437,0.1827,,,,,,,,,,,,,,,,,142.0,3.9730000000000003,0.27399999999999997,0.757,0.505,0.142,0.078,0.275,,,7.833630085,0.625662446,57.34901047,0.547612607,0.780622602,0.09000840800000001
140,Uganda,141.0,3.931,0.21102,1.13299,0.33861,0.45727,0.29066,0.07267,145.0,3.739,0.34719,0.90981,0.19625,0.43653000000000003,0.06442,0.27102,133.0,4.08099985122681,0.381430715322495,1.12982773780823,0.21763260662555706,0.443185955286026,0.057069718837738,0.32576605677604703,135.0,4.1610000000000005,0.322,1.09,0.237,0.45,0.259,0.061,136.0,4.189,0.332,1.069,0.44299999999999995,0.35600000000000004,0.06,0.252,,,7.500389576,0.7649946209999999,55.70820236,0.7317139509999999,0.8367378120000001,0.099487431
141,Senegal,142.0,3.904,0.36498,0.97619,0.4354,0.36772,0.20843000000000006,0.10713,128.0,4.218999999999999,0.44314,0.7741600000000001,0.40457,0.31056,0.11681,0.19103,115.0,4.53499984741211,0.479309022426605,1.17969191074371,0.409362852573395,0.37792226672172496,0.115460447967052,0.183468893170357,109.0,4.631,0.429,1.117,0.433,0.406,0.138,0.08199999999999999,111.0,4.681,0.45,1.1340000000000001,0.5710000000000001,0.292,0.07200000000000001,0.153,,,8.118982315,0.723616004,59.59915161,0.6905961629999999,0.808785141,-0.052335154
142,Gabon,143.0,3.896,1.06024,0.90528,0.43372,0.31914000000000003,0.06822,0.11091,134.0,4.121,1.15851,0.72368,0.3494,0.28098,0.09314,0.062439999999999996,118.0,4.46500015258789,1.1982102394104,1.1556202173233,0.35657858848571794,0.31232857704162603,0.0760467872023582,0.0437853783369064,103.0,4.758,1.036,1.1640000000000001,0.40399999999999997,0.35600000000000004,0.032,0.052000000000000005,104.0,4.7989999999999995,1.057,1.183,0.5710000000000001,0.295,0.055,0.043,,,9.680537224,0.787886858,59.71533966,0.7048292159999999,0.8491509559999999,-0.22226162300000002
143,Niger,144.0,3.845,0.0694,0.77265,0.29707,0.47692,0.19387,0.15639,142.0,3.8560000000000003,0.1327,0.6053,0.26161999999999996,0.38040999999999997,0.17176,0.2097,135.0,4.02799987792969,0.16192533075809498,0.993025004863739,0.26850500702858,0.36365869641304,0.13857294619083402,0.228673845529556,134.0,4.166,0.131,0.867,0.221,0.39,0.175,0.099,114.0,4.628,0.138,0.774,0.366,0.318,0.102,0.188,,,6.842166901000001,0.617435038,53.50009537,0.759772122,0.722530186,0.013860817
144,Cambodia,145.0,3.819,0.46038,0.62736,0.61114,0.66246,0.40359,0.07247,140.0,3.907,0.55604,0.5375,0.42494,0.5885199999999999,0.08092,0.40339,129.0,4.1680002212524405,0.6017650961875921,1.00623834133148,0.429783403873444,0.633375823497772,0.0681059509515762,0.385922968387604,120.0,4.433,0.5489999999999999,1.088,0.457,0.696,0.256,0.065,109.0,4.7,0.574,1.122,0.637,0.609,0.062,0.23199999999999998,,,8.249890327000001,0.773080647,61.52996826,0.9597046379999999,0.8227690459999999,0.051911179
145,Tanzania,146.0,3.781,0.2852,1.00268,0.38215,0.32878,0.34377,0.057470000000000014,149.0,3.6660000000000004,0.47155,0.77623,0.35700000000000004,0.3176,0.05099,0.31472,153.0,3.34899997711182,0.511135876178741,1.04198980331421,0.364509284496307,0.390017777681351,0.0660351067781448,0.354256361722946,153.0,3.303,0.455,0.991,0.381,0.48100000000000004,0.27,0.09699999999999999,153.0,3.2310000000000003,0.47600000000000003,0.885,0.499,0.41700000000000004,0.147,0.276,,,7.967665195,0.6889331940000001,57.49607468,0.82153976,0.619799435,0.10966868699999999
146,Madagascar,147.0,3.681,0.20824,0.66801,0.46721,0.19184,0.21333,0.08123999999999999,148.0,3.695,0.27954,0.46115,0.37109000000000003,0.13684000000000002,0.07506,0.2204,144.0,3.64400005340576,0.305808693170547,0.9130203723907472,0.375223308801651,0.18919676542282104,0.0672319754958153,0.208732530474663,143.0,3.7739999999999996,0.262,0.9079999999999999,0.402,0.221,0.155,0.049,143.0,3.9330000000000003,0.27399999999999997,0.9159999999999999,0.555,0.14800000000000002,0.040999999999999995,0.16899999999999998,,,7.281685829,0.668195903,59.10542679,0.5575740929999999,0.8174856309999999,-0.011823638999999999
147,Central African Republic,148.0,3.678,0.0785,0.0,0.06699,0.48879,0.23835,0.08288999999999999,,,,,,,,,155.0,2.69300007820129,0.0,0.0,0.0187726859003305,0.270842045545578,0.0565650761127472,0.280876487493515,155.0,3.083,0.024,0.0,0.01,0.305,0.218,0.038,155.0,3.083,0.026000000000000002,0.0,0.105,0.225,0.035,0.235,,,6.625160217,0.31945985600000004,45.20000076,0.640880644,0.891806662,0.082410358
148,Chad,149.0,3.667,0.34193,0.76062,0.1501,0.23501,0.18386,0.05269,144.0,3.763,0.42213999999999996,0.63178,0.038239999999999996,0.12807000000000002,0.04952,0.18667,137.0,3.9360001087188703,0.43801298737525896,0.953855872154236,0.0411347150802612,0.16234202682972002,0.0535818822681904,0.216113850474358,131.0,4.301,0.358,0.907,0.053,0.18899999999999997,0.18100000000000002,0.06,132.0,4.35,0.35,0.7659999999999999,0.192,0.174,0.078,0.198,,,7.467963696,0.632388055,48.22053909,0.587305248,0.8027608390000001,0.017834719
149,Guinea,150.0,3.656,0.17417,0.46475,0.24009,0.37725,0.28657,0.12139,151.0,3.6069999999999998,0.22415,0.3109,0.18829,0.30953,0.1192,0.29914,149.0,3.50699996948242,0.24454993009567305,0.7912446856498722,0.194129139184952,0.348587512969971,0.110937617719173,0.264815092086792,140.0,3.964,0.344,0.792,0.21100000000000002,0.39399999999999996,0.185,0.094,118.0,4.534,0.38,0.8290000000000001,0.375,0.332,0.086,0.207,,,7.750990391,0.637573481,54.46780014,0.7068467740000001,0.761794448,0.076328471
150,Ivory Coast,151.0,3.655,0.46534,0.77115,0.15185,0.46866,0.20165,0.17922000000000002,139.0,3.9160000000000004,0.55507,0.57576,0.04476,0.40663,0.1553,0.20338,128.0,4.17999982833862,0.6030489206314089,0.904780030250549,0.0486421696841717,0.4477061927318571,0.130061775445938,0.201237469911575,107.0,4.671,0.541,0.872,0.08,0.467,0.146,0.10300000000000001,99.0,4.944,0.569,0.8079999999999999,0.23199999999999998,0.35200000000000004,0.09,0.154,,,8.225561142,0.658048689,49.50377274,0.727909327,0.7907719609999999,-0.043991156
151,Burkina Faso,152.0,3.587,0.25812,0.85188,0.27125,0.39493,0.21747,0.12832000000000002,145.0,3.739,0.31995,0.63054,0.21297,0.3337,0.12533,0.24353000000000002,134.0,4.03200006484985,0.3502277135849001,1.04328000545502,0.21584425866603896,0.32436785101890603,0.12032810598611805,0.250864684581757,121.0,4.4239999999999995,0.314,1.097,0.254,0.312,0.175,0.128,115.0,4.587,0.331,1.056,0.38,0.255,0.113,0.177,,,7.46854496,0.7129436140000001,53.88945389,0.665563583,0.739795029,-0.019080516000000002
152,Afghanistan,153.0,3.575,0.31982,0.30285,0.30335,0.23414,0.3651,0.09719,154.0,3.36,0.38227,0.11037000000000001,0.17344,0.1643,0.07112,0.31268,141.0,3.79399991035461,0.401477217674255,0.581543326377869,0.18074677884578694,0.106179520487785,0.0611578300595284,0.311870932579041,145.0,3.6319999999999997,0.332,0.537,0.255,0.085,0.191,0.036000000000000004,154.0,3.2030000000000003,0.35,0.517,0.361,0.0,0.025,0.158,,,7.4628605839999995,0.470366955,52.59000015,0.39657300700000003,0.9336865540000001,-0.0964294
153,Rwanda,154.0,3.465,0.22208000000000006,0.7737,0.42864,0.59201,0.22628,0.55191,152.0,3.515,0.32846,0.6158600000000001,0.31865,0.5432,0.50521,0.23551999999999998,151.0,3.47099995613098,0.368745893239975,0.945707023143768,0.326424807310104,0.5818438529968261,0.455220013856888,0.2527560293674469,151.0,3.408,0.332,0.8959999999999999,0.4,0.636,0.2,0.444,152.0,3.3339999999999996,0.359,0.711,0.614,0.555,0.41100000000000003,0.217,,,7.600104332000001,0.54083544,61.09884644,0.9005894059999999,0.183541179,0.055483952
154,Benin,155.0,3.34,0.28665,0.35386,0.3191,0.4845,0.1826,0.0801,153.0,3.484,0.39499,0.10419,0.21028000000000002,0.39747,0.06681000000000001,0.2018,143.0,3.65700006484985,0.43108540773391707,0.435299843549728,0.20993021130561804,0.42596277594566295,0.0609290152788162,0.207948461174965,136.0,4.141,0.37799999999999995,0.37200000000000005,0.24,0.44,0.163,0.067,102.0,4.883,0.39299999999999996,0.43700000000000006,0.397,0.349,0.08199999999999999,0.175,,,7.674319744,0.46867114299999996,54.31246567,0.735182583,0.7405325770000001,-0.003537213
155,Syria,156.0,3.006,0.6632,0.47489,0.7219300000000001,0.15684,0.47179,0.18906,156.0,3.069,0.7471899999999999,0.14866,0.6299399999999999,0.06912,0.17232999999999998,0.48396999999999996,152.0,3.46199989318848,0.777153134346008,0.396102607250214,0.5005333423614501,0.0815394446253777,0.15134713053703305,0.493663728237152,150.0,3.4619999999999997,0.6890000000000001,0.382,0.539,0.08800000000000001,0.376,0.14400000000000002,149.0,3.4619999999999997,0.619,0.37799999999999995,0.44,0.013000000000000001,0.141,0.331,,,,,,,,
156,Burundi,157.0,2.905,0.0153,0.41587,0.22396,0.1185,0.19727,0.10062,157.0,2.905,0.06831,0.23442,0.15747,0.0432,0.09419,0.2029,154.0,2.90499997138977,0.091622568666935,0.629793584346771,0.151610791683197,0.0599007532000542,0.0841479450464249,0.20443518459796894,156.0,2.905,0.091,0.627,0.145,0.065,0.149,0.076,145.0,3.775,0.046,0.447,0.38,0.22,0.18,0.17600000000000002,,,6.492642403,0.490325719,53.40000153,0.626350224,0.606934547,-0.017551597
157,Togo,158.0,2.839,0.20868,0.13995,0.28443,0.36453,0.16681,0.10731,155.0,3.303,0.28123000000000004,0.0,0.24811,0.34678000000000003,0.11587,0.17517,150.0,3.4949998855590803,0.3054447174072269,0.4318825304508211,0.247105568647385,0.38042613863945,0.0956650152802467,0.19689615070819896,139.0,3.9989999999999997,0.259,0.474,0.253,0.434,0.158,0.10099999999999999,139.0,4.085,0.275,0.5720000000000001,0.41,0.293,0.085,0.177,,,7.357711315,0.551312625,54.71989822,0.6498286129999999,0.7577334640000001,0.002667875
158,Puerto Rico,,,,,,,,,15.0,7.039,1.35943,1.08113,0.77758,0.46823000000000004,0.12275,0.22202,,,,,,,,,,,,,,,,,,,,,,,,,,,,,,,,
159,Belize,,,,,,,,,52.0,5.956,0.87616,0.68655,0.45569,0.51231,0.10770999999999999,0.23684000000000002,50.0,5.955999851226809,0.907975316047668,1.08141779899597,0.450191766023636,0.5475093722343439,0.0965810716152191,0.24001564085483604,49.0,5.956,0.807,1.101,0.474,0.593,0.183,0.08900000000000001,,,,,,,,,,,,,,,,
160,Somalia,,,,,,,,,76.0,5.44,0.0,0.33613000000000004,0.11465999999999998,0.5677800000000001,0.3118,0.27225,93.0,5.151000022888179,0.0226431842893362,0.7211513519287109,0.113989137113094,0.602126955986023,0.28241032361984303,0.291631311178207,98.0,4.982,0.0,0.7120000000000001,0.115,0.674,0.23800000000000002,0.282,112.0,4.668,0.0,0.698,0.268,0.5589999999999999,0.27,0.243,,,,,,,,
161,Somaliland Region,,,,,,,,,97.0,5.0569999999999995,0.25558000000000003,0.75862,0.33108000000000004,0.3913,0.36794,0.51479,,,,,,,,,,,,,,,,,,,,,,,,,,,,,,,,
162,Namibia,,,,,,,,,113.0,4.574,0.9328700000000001,0.70362,0.34745,0.48613999999999996,0.10397999999999999,0.07795,111.0,4.57399988174438,0.964434325695038,1.0984708070755,0.33861181139946,0.520303547382355,0.0931469723582268,0.0771337449550629,119.0,4.441,0.8740000000000001,1.281,0.365,0.519,0.051,0.064,113.0,4.638999999999999,0.879,1.3130000000000002,0.47700000000000004,0.401,0.055999999999999994,0.07,,,9.203141212,0.846880972,56.50148773,0.767520964,0.8514497879999999,-0.18530646
163,South Sudan,,,,,,,,,143.0,3.832,0.39394,0.18519000000000002,0.15780999999999998,0.19662000000000002,0.13015,0.25899,147.0,3.5910000801086404,0.39724862575531,0.601323127746582,0.163486003875732,0.147062435746193,0.116793513298035,0.285670816898346,154.0,3.2539999999999996,0.337,0.608,0.177,0.11199999999999999,0.22399999999999998,0.106,156.0,2.853,0.306,0.575,0.295,0.01,0.091,0.20199999999999999,,,7.425359726,0.553707123,51.0,0.451313615,0.7634173040000001,0.016518548
164,Taiwan Province of China,,,,,,,,,,,,,,,,,33.0,6.42199993133545,1.4336265325546298,1.38456535339355,0.793984234333038,0.361466586589813,0.0638292357325554,0.258360475301743,,,,,,,,,,,,,,,,,,,10.77568531,0.894309103,69.59999847,0.77153033,0.73188293,-0.07319869799999999
165,"Hong Kong S.A.R., China",,,,,,,,,,,,,,,,,71.0,5.47200012207031,1.55167484283447,1.26279091835022,0.943062424659729,0.490968644618988,0.293933749198914,0.374465793371201,,,,,,,,,,,,,,,,,,,,,,,,
166,Trinidad & Tobago,,,,,,,,,,,,,,,,,,,,,,,,,38.0,6.192,1.2229999999999999,1.492,0.564,0.575,0.171,0.019,39.0,6.192,1.2309999999999999,1.4769999999999999,0.713,0.489,0.016,0.185,,,,,,,,
167,Northern Cyprus,,,,,,,,,,,,,,,,,,,,,,,,,58.0,5.835,1.229,1.2109999999999999,0.909,0.495,0.179,0.154,64.0,5.718,1.263,1.252,1.042,0.41700000000000004,0.162,0.191,,,,,,,,
168,North Macedonia,,,,,,,,,,,,,,,,,,,,,,,,,,,,,,,,,84.0,5.274,0.983,1.294,0.838,0.345,0.034,0.185,,,,,,,,
169,Gambia,,,,,,,,,,,,,,,,,,,,,,,,,,,,,,,,,120.0,4.516,0.308,0.9390000000000001,0.428,0.382,0.16699999999999998,0.26899999999999996,,,7.321814537000001,0.6931687,55.01201629999999,0.733163178,0.6907178159999999,0.34319871700000004
170,Hong Kong S.A.R. of China,,,,,,,,,,,,,,,,,,,,,,,,,,,,,,,,,,,,,,,,,,,10.934671400000001,0.8459690809999999,76.77170563,0.7798337940000001,0.420607209,0.134979904
171,Maldives,,,,,,,,,,,,,,,,,,,,,,,,,,,,,,,,,,,,,,,,,,,9.518632889,0.91316092,70.59999847,0.8539627790000001,0.824211061,0.038085497999999995
